id,text_static,prob_hateful_static,predicted_label_static,confidence_static,dominant_modality_static,alpha_mean_static,text_dynamic,prob_hateful_dynamic,predicted_label_dynamic,confidence_dynamic,dominant_modality_dynamic,alpha_mean_dynamic,label_changed,prob_delta,conf_delta
1284,muslims offend me,0.1299,0,0.8701,image,0.5041,muslims offend me,0.9215,1,0.9215,image,0.7591,True,0.7916,0.0514
1324,the great train robbers,0.0141,0,0.9859,image,0.5041,the great train robbers,0.7937,1,0.7937,image,0.5586,True,0.7796,-0.19220000000000004
1325,when your world cup team scores a goal,0.0207,0,0.9793,image,0.5041,when your world cup team scores a goal,0.0179,0,0.9821,image,0.9272,False,-0.0028000000000000004,0.0028000000000000247
1359,area 51 naruto runners naruto runners let me iiiiiiiiiiiiin! let me in,0.0219,0,0.9781,image,0.5041,area 51 naruto runners naruto runners let me iiiiiiiiiiiiin! let me in,0.0375,0,0.9625,image,0.843,False,0.0156,-0.015599999999999947
1364,and that was the last nativity play my son was invited to take part in,0.9723,1,0.9723,image,0.5041,and that was the last nativity play my son was invited to take part in,0.4453,0,0.5547,image,0.8552,True,-0.5270000000000001,-0.4176000000000001
1459,trust me... ...they're re all terrorists,0.402,0,0.598,image,0.5041,trust me... ...they're re all terrorists,0.0804,0,0.9196,image,0.9004,False,-0.3216,0.3216
1627,jew jerky: leave out in the sun until all moisture is gone store in a cool dark place for 3 days,0.6453,1,0.6453,image,0.5041,jew jerky: leave out in the sun until all moisture is gone store in a cool dark place for 3 days,0.4694,0,0.5306,image,0.7803,True,-0.1759,-0.11470000000000002
1634,"""aye, tone! why would dey delouse 'em if dey was just gonna whack 'em?!""",0.0039,0,0.9961,image,0.5041,"""aye, tone! why would dey delouse 'em if dey was just gonna whack 'em?!""",0.0667,0,0.9333,image,0.9145,False,0.0628,-0.06279999999999997
1836,can you hear me at the back?,0.2958,0,0.7042,image,0.5041,can you hear me at the back?,0.0183,0,0.9817,image,0.8989,False,-0.2775,0.27749999999999997
1865,i'm this pretty because both my parents are white,0.0017,0,0.9983,image,0.5041,i'm this pretty because both my parents are white,0.0109,0,0.9891,image,0.9575,False,0.0092,-0.009199999999999986
1936,we said we would never forget why are you voting them into our governement?,0.9526,1,0.9526,image,0.5041,we said we would never forget why are you voting them into our governement?,0.8526,1,0.8526,image,0.8598,False,-0.09999999999999998,-0.09999999999999998
1937,"when you find a shooter the same day you plan a bombing, so you team up",0.5837,1,0.5837,image,0.5041,"when you find a shooter the same day you plan a bombing, so you team up",0.9823,1,0.9823,text,0.4704,False,0.39859999999999995,0.39859999999999995
2356,if i was arrested what do u think i got arrested 4?,0.0664,0,0.9336,image,0.5041,if i was arrested what do u think i got arrested 4?,0.9095,1,0.9095,text,0.3937,True,0.8431,-0.02410000000000001
2416,how do you piss off a female archeologist? give her a used tampon and ask her what period it comes from,0.0921,0,0.9079,image,0.5041,how do you piss off a female archeologist? give her a used tampon and ask her what period it comes from,0.75,1,0.75,image,0.6449,True,0.6579,-0.15790000000000004
2514,"if they're in a relationship, who makes the sandwiches?",0.0183,0,0.9817,image,0.5041,"if they're in a relationship, who makes the sandwiches?",0.0245,0,0.9755,image,0.9304,False,0.006200000000000001,-0.006199999999999983
2584,imagine being so disugsting there have to be laws to try to stop normal people from hating you,0.8389,1,0.8389,image,0.5041,imagine being so disugsting there have to be laws to try to stop normal people from hating you,0.9638,1,0.9638,image,0.786,False,0.12490000000000001,0.12490000000000001
2649,and that was the last nativity play my son was invited to take part in,0.0541,0,0.9459,image,0.5041,and that was the last nativity play my son was invited to take part in,0.0359,0,0.9641,image,0.9249,False,-0.0182,0.018199999999999994
2751,just admit it white america was better,0.012,0,0.988,image,0.5041,just admit it white america was better,0.0738,0,0.9262,image,0.9175,False,0.06180000000000001,-0.061799999999999966
2789,when you got a warrant out for your arrest & you on the run.....,0.0129,0,0.9871,image,0.5041,when you got a warrant out for your arrest & you on the run.....,0.0437,0,0.9563,image,0.6552,False,0.0308,-0.03079999999999994
2846,the before image that not many people have seen,0.0083,0,0.9917,image,0.5041,the before image that not many people have seen,0.0185,0,0.9815,image,0.8601,False,0.010199999999999999,-0.010199999999999987
3146,this is inhuman the operation takes only a couple of seconds to perform but its image remains for years,0.8812,1,0.8812,image,0.5041,this is inhuman the operation takes only a couple of seconds to perform but its image remains for years,0.9669,1,0.9669,image,0.6312,False,0.0857,0.0857
3164,party tonight? i'm down,0.0041,0,0.9959,image,0.5041,party tonight? i'm down,0.0026,0,0.9974,image,0.9554,False,-0.0015000000000000005,0.0014999999999999458
3267,that feeling when you finish your homework in record time and have extra time to chill,0.079,0,0.921,image,0.5041,that feeling when you finish your homework in record time and have extra time to chill,0.0761,0,0.9239,image,0.8024,False,-0.0029,0.0029000000000000137
3624,just a traditional muslim man with a beard,0.0158,0,0.9842,image,0.5041,just a traditional muslim man with a beard,0.0357,0,0.9643,image,0.9207,False,0.0199,-0.019899999999999918
3765,american kids all across american storefronts!!! freeway off n on ramps!!! street corners!!! begging for $$$ for the're alcohol!!! n drugs!!!,0.0545,0,0.9455,image,0.5041,american kids all across american storefronts!!! freeway off n on ramps!!! street corners!!! begging for $$$ for the're alcohol!!! n drugs!!!,0.0637,0,0.9363,image,0.9359,False,0.009200000000000007,-0.009199999999999986
3869,a mother's love for the child is a divine thing,0.0027,0,0.9973,image,0.5041,a mother's love for the child is a divine thing,0.0029,0,0.9971,image,0.9456,False,0.00019999999999999966,-0.00019999999999997797
3924,three k's a day keeps the minorities away,0.94,1,0.94,image,0.5041,three k's a day keeps the minorities away,0.6225,1,0.6225,image,0.8103,False,-0.3174999999999999,-0.3174999999999999
3968,when you're watching the #roots remake but you're in an interracial relationship,0.0337,0,0.9663,image,0.5041,when you're watching the #roots remake but you're in an interracial relationship,0.1558,0,0.8442,image,0.8794,False,0.12209999999999999,-0.1221000000000001
3976,"warning ""every"" country that has become involved in muslim immigration has eventually become an islamic state, and don't the fate of your country will be any different islam is a cancer for which there is no cure",0.9882,1,0.9882,image,0.5041,"warning ""every"" country that has become involved in muslim immigration has eventually become an islamic state, and don't the fate of your country will be any different islam is a cancer for which there is no cure",0.9728,1,0.9728,image,0.8415,False,-0.01539999999999997,-0.01539999999999997
3987,the newest hate group the dumb stupid klan,0.3474,0,0.6526,image,0.5041,the newest hate group the dumb stupid klan,0.5796,1,0.5796,image,0.6641,True,0.23220000000000002,-0.07299999999999995
4127,here we go again. us paralympics team refuses to stand during st.,0.0593,0,0.9407,image,0.5041,here we go again. us paralympics team refuses to stand during st.,0.0231,0,0.9769,image,0.9199,False,-0.036199999999999996,0.03620000000000001
4135,there's only one race the human race and that thing on the right? that's a monkey in human clothes,0.4732,0,0.5268,image,0.5041,there's only one race the human race and that thing on the right? that's a monkey in human clothes,0.2998,0,0.7002,image,0.7625,False,-0.1734,0.1734
4239,when you fart in crowd and  try to look normal,0.0035,0,0.9965,image,0.5041,when you fart in crowd and  try to look normal,0.035,0,0.965,image,0.7017,False,0.0315,-0.031500000000000083
4265,farming simulator 1800,0.1055,0,0.8945,image,0.5041,farming simulator 1800,0.8289,1,0.8289,text,0.4824,True,0.7233999999999999,-0.06559999999999999
4319,"sometimes, you have to water your farm equipment so it doesn't overheat",0.8566,1,0.8566,image,0.5041,"sometimes, you have to water your farm equipment so it doesn't overheat",0.921,1,0.921,text,0.3431,False,0.06440000000000001,0.06440000000000001
4536,"he's not a great debater, he's not a smooth talking politician, he's not part of the establishment, but he is a true american patriot! we cannot sit back and watch them destroy this man who is trying to help us ! he can clean up america and they know it !",0.0017,0,0.9983,image,0.5041,"he's not a great debater, he's not a smooth talking politician, he's not part of the establishment, but he is a true american patriot! we cannot sit back and watch them destroy this man who is trying to help us ! he can clean up america and they know it !",0.0019,0,0.9981,image,0.9655,False,0.0002000000000000001,-0.00019999999999997797
4563,"yeah, we know ""no president has done what i have done.""",0.0033,0,0.9967,image,0.5041,"yeah, we know ""no president has done what i have done.""",0.0081,0,0.9919,image,0.9563,False,0.0048,-0.0048000000000000265
4582,this has no place on american soil,0.0243,0,0.9757,image,0.5041,this has no place on american soil,0.0651,0,0.9349,image,0.9251,False,0.0408,-0.04080000000000006
4583,mom won't let me use the oven with my jewish friends,0.9915,1,0.9915,image,0.5041,mom won't let me use the oven with my jewish friends,0.9629,1,0.9629,image,0.7657,False,-0.02860000000000007,-0.02860000000000007
4615,it's the religion of peace. join exclusive islam!,0.0169,0,0.9831,image,0.5041,it's the religion of peace. join exclusive islam!,0.0237,0,0.9763,image,0.9111,False,0.0068000000000000005,-0.006800000000000028
4716,"makeup artist $4,000 / month personal stylist $15,000 / week i can't tell the difference",0.0016,0,0.9984,image,0.5041,"makeup artist $4,000 / month personal stylist $15,000 / week i can't tell the difference",0.0025,0,0.9975,image,0.9523,False,0.0009,-0.0008999999999999009
4879,i hear a funny joke about dishwashers,0.4352,0,0.5648,image,0.5041,i hear a funny joke about dishwashers,0.3959,0,0.6041,image,0.8474,False,-0.0393,0.0393
4958,how i see black people getting trolled on the internet,0.9585,1,0.9585,image,0.5041,how i see black people getting trolled on the internet,0.9188,1,0.9188,text,0.4752,False,-0.03970000000000007,-0.03970000000000007
5162,went down on a muslim bitch her pussy was the bomb!,0.9984,1,0.9984,image,0.5041,went down on a muslim bitch her pussy was the bomb!,0.997,1,0.997,text,0.4651,False,-0.0013999999999999568,-0.0013999999999999568
5174,when you start burning calories instead of people,0.0039,0,0.9961,image,0.5041,when you start burning calories instead of people,0.01,0,0.99,image,0.8481,False,0.0061,-0.006099999999999994
5218,things i love to pull behind my trunck,0.0034,0,0.9966,image,0.5041,things i love to pull behind my trunck,0.006,0,0.994,image,0.9484,False,0.0026000000000000003,-0.0026000000000000467
5219,just admit it. white america was better,0.051,0,0.949,image,0.5041,just admit it. white america was better,0.432,0,0.568,text,0.4882,False,0.381,-0.381
5379,i'd like the porn in my room to be disabled we only have regular porn you sick bastard,0.0066,0,0.9934,image,0.5041,i'd like the porn in my room to be disabled we only have regular porn you sick bastard,0.0072,0,0.9928,image,0.9575,False,0.0005999999999999998,-0.0005999999999999339
5389,this pizza is so disgusting if you take it to italv you'll get arrested,0.0036,0,0.9964,image,0.5041,this pizza is so disgusting if you take it to italv you'll get arrested,0.0143,0,0.9857,image,0.8963,False,0.010700000000000001,-0.010699999999999932
5429,claims that her ancestors created a safe space for jews these are her ancestors,0.5976,1,0.5976,image,0.5041,claims that her ancestors created a safe space for jews these are her ancestors,0.2808,0,0.7192,image,0.8542,True,-0.3168,0.12159999999999993
5438,didn't get bought today success!,0.0035,0,0.9965,image,0.5041,didn't get bought today success!,0.0077,0,0.9923,image,0.9325,False,0.004200000000000001,-0.0042000000000000925
5461,"me, an air force intellectual watching some marines get into a bar fight with some thai tranny hookers",0.9613,1,0.9613,image,0.5041,"me, an air force intellectual watching some marines get into a bar fight with some thai tranny hookers",0.9828,1,0.9828,image,0.916,False,0.021499999999999964,0.021499999999999964
5462,i'm not racist i hate white liberals more than anybody,0.7764,1,0.7764,image,0.5041,i'm not racist i hate white liberals more than anybody,0.714,1,0.714,image,0.938,False,-0.06240000000000001,-0.06240000000000001
5734,this man single handedly saved this animal from poachers,0.8361,1,0.8361,image,0.5041,this man single handedly saved this animal from poachers,0.6987,1,0.6987,image,0.7845,False,-0.13739999999999997,-0.13739999999999997
5791,"mohammed i'm pregnant.... don't sass me, you know it's funny! ~cupcakes",0.9937,1,0.9937,image,0.5041,"mohammed i'm pregnant.... don't sass me, you know it's funny! ~cupcakes",0.9896,1,0.9896,image,0.6303,False,-0.0040999999999999925,-0.0040999999999999925
5792,when you just realize that you forgot to take the cake out of the oven,0.0141,0,0.9859,image,0.5041,when you just realize that you forgot to take the cake out of the oven,0.0115,0,0.9885,image,0.9477,False,-0.0026,0.0026000000000000467
5846,our insurance,0.8131,1,0.8131,image,0.5041,our insurance,0.875,1,0.875,text,0.4536,False,0.061899999999999955,0.061899999999999955
5864,trust me... ...they're re all terrorists,0.206,0,0.794,image,0.5041,trust me... ...they're re all terrorists,0.0378,0,0.9622,image,0.8757,False,-0.1682,0.16820000000000002
5879,me watching the pride parade,0.0065,0,0.9935,image,0.5041,me watching the pride parade,0.0261,0,0.9739,image,0.9341,False,0.019600000000000003,-0.019600000000000062
5968,what would you do if i got pregnant,0.0153,0,0.9847,image,0.5041,what would you do if i got pregnant,0.0823,0,0.9177,image,0.8889,False,0.067,-0.06700000000000006
5978,i think it is safe now challenge accepted,0.0159,0,0.9841,image,0.5041,i think it is safe now challenge accepted,0.0345,0,0.9655,image,0.8018,False,0.018600000000000002,-0.01859999999999995
6135,everyone should take care of their skin,0.0012,0,0.9988,image,0.5041,everyone should take care of their skin,0.0014,0,0.9986,image,0.96,False,0.0002000000000000001,-0.00019999999999997797
6195,what do i do when my dishwasher stops? i should get back to scrubbing,0.0054,0,0.9946,image,0.5041,what do i do when my dishwasher stops? i should get back to scrubbing,0.0085,0,0.9915,image,0.9561,False,0.0031000000000000003,-0.0030999999999999917
6231,do i need to dig up hitler to show you how to use an oven,0.9961,1,0.9961,image,0.5041,do i need to dig up hitler to show you how to use an oven,0.9929,1,0.9929,image,0.7694,False,-0.0031999999999999806,-0.0031999999999999806
6243,(laughs in goat fucker),0.992,1,0.992,image,0.5041,(laughs in goat fucker),0.9916,1,0.9916,text,0.3431,False,-0.00039999999999995595,-0.00039999999999995595
6329,president condemned capital punishment,0.0063,0,0.9937,image,0.5041,president condemned capital punishment,0.0113,0,0.9887,image,0.765,False,0.004999999999999999,-0.0050000000000000044
6348,the look you give when your husband would rather fuck a goat then you,0.9925,1,0.9925,image,0.5041,the look you give when your husband would rather fuck a goat then you,0.9796,1,0.9796,image,0.6782,False,-0.012900000000000023,-0.012900000000000023
6387,when your leader is killed by a drone and you get to fuck his herd of goats,0.0229,0,0.9771,image,0.5041,when your leader is killed by a drone and you get to fuck his herd of goats,0.1126,0,0.8874,image,0.8924,False,0.0897,-0.0897
6427,little girls are the devil,0.0086,0,0.9914,image,0.5041,little girls are the devil,0.0201,0,0.9799,image,0.9402,False,0.0115,-0.011499999999999955
6524,how black women fight crime,0.011,0,0.989,image,0.5041,how black women fight crime,0.0321,0,0.9679,image,0.9183,False,0.021099999999999997,-0.021100000000000008
6593,dss,0.0168,0,0.9832,image,0.5041,dss,0.0092,0,0.9908,image,0.9472,False,-0.007599999999999999,0.007600000000000051
6752,"the amish reject modern society without strapping explosives children proof that you can be completely devoted to your religion wear beards, dress modestly and reject modern society without strapping explosives to children",0.9514,1,0.9514,image,0.5041,"the amish reject modern society without strapping explosives children proof that you can be completely devoted to your religion wear beards, dress modestly and reject modern society without strapping explosives to children",0.9768,1,0.9768,image,0.6155,False,0.025399999999999978,0.025399999999999978
6927,this is me not having any white guilt,0.2007,0,0.7993,image,0.5041,this is me not having any white guilt,0.6811,1,0.6811,image,0.6105,True,0.48040000000000005,-0.11819999999999997
6931,the newest hate group the dumb stupid klan,0.0763,0,0.9237,image,0.5041,the newest hate group the dumb stupid klan,0.0793,0,0.9207,image,0.7348,False,0.002999999999999989,-0.0030000000000000027
7193,things i love to hunt,0.0052,0,0.9948,image,0.5041,things i love to hunt,0.004,0,0.996,image,0.9201,False,-0.0011999999999999997,0.0011999999999999789
7265,muslim terror attacks are more frequent white terror attacks are more efficient,0.0574,0,0.9426,image,0.5041,muslim terror attacks are more frequent white terror attacks are more efficient,0.9141,1,0.9141,image,0.9303,True,0.8567,-0.02849999999999997
7291,it's a piece of cake if she's not awake,0.006,0,0.994,image,0.5041,it's a piece of cake if she's not awake,0.0064,0,0.9936,image,0.8384,False,0.0004000000000000002,-0.00039999999999995595
7314,spending alot of time with your pets,0.0031,0,0.9969,image,0.5041,spending alot of time with your pets,0.0049,0,0.9951,image,0.9536,False,0.0018,-0.0018000000000000238
7392,once you go black ur a single mom!,0.9801,1,0.9801,image,0.5041,once you go black ur a single mom!,0.9806,1,0.9806,text,0.4629,False,0.000500000000000056,0.000500000000000056
7396,this project is tough but it will save the world,0.0152,0,0.9848,image,0.5041,this project is tough but it will save the world,0.007,0,0.993,image,0.8709,False,-0.008199999999999999,0.008199999999999985
7451,actors costumed in the full regalia of the kkk,0.0104,0,0.9896,image,0.5041,actors costumed in the full regalia of the kkk,0.0092,0,0.9908,image,0.8774,False,-0.0011999999999999997,0.0011999999999999789
7516,teacher: alright class take out your calculators mohammed:,0.965,1,0.965,image,0.5041,teacher: alright class take out your calculators mohammed:,0.9324,1,0.9324,image,0.7128,False,-0.03259999999999996,-0.03259999999999996
7521,turns out out they were expecting something very different went gay clubbing with some friends,0.0336,0,0.9664,image,0.5041,turns out out they were expecting something very different went gay clubbing with some friends,0.0377,0,0.9623,image,0.8518,False,0.0040999999999999995,-0.0040999999999999925
7596,the face you make when one of those damn apes cancels your show,0.0069,0,0.9931,image,0.5041,the face you make when one of those damn apes cancels your show,0.0329,0,0.9671,image,0.9427,False,0.026,-0.026000000000000023
7612,"what is that wonderful smell? it smells like... caramel! oh, today we burnt the diabetics",0.9902,1,0.9902,image,0.5041,"what is that wonderful smell? it smells like... caramel! oh, today we burnt the diabetics",0.9896,1,0.9896,image,0.5908,False,-0.0005999999999999339,-0.0005999999999999339
7645,dem rep calls trump supporters 'just plain dumb' & 'racist' in letter on house floor.. what's your response?,0.0006,0,0.9994,image,0.5041,dem rep calls trump supporters 'just plain dumb' & 'racist' in letter on house floor.. what's your response?,0.0014,0,0.9986,image,0.9586,False,0.0008,-0.0007999999999999119
7652,ban the burka you must be fucking joking,0.0079,0,0.9921,image,0.5041,ban the burka you must be fucking joking,0.0165,0,0.9835,image,0.8658,False,0.0086,-0.008599999999999941
7658,i was asked who my favourite x-men character was apparently my answer was inappropriate,0.0011,0,0.9989,image,0.5041,i was asked who my favourite x-men character was apparently my answer was inappropriate,0.0014,0,0.9986,image,0.9652,False,0.0002999999999999999,-0.00029999999999996696
7689,man: i'd like to trade her in for newer one,0.0073,0,0.9927,image,0.5041,man: i'd like to trade her in for newer one,0.0234,0,0.9766,image,0.9242,False,0.0161,-0.016100000000000003
7694,if i had a gone i could convert this fruit to vegetable,0.4381,0,0.5619,image,0.5041,if i had a gone i could convert this fruit to vegetable,0.5749,1,0.5749,image,0.5457,True,0.13679999999999998,0.013000000000000012
7915,they're just like eggs better when beaten well,0.007,0,0.993,image,0.5041,they're just like eggs better when beaten well,0.0117,0,0.9883,image,0.9564,False,0.0047,-0.0047000000000000375
8261,life is like belgium some times you just have to march through it,0.0049,0,0.9951,image,0.5041,life is like belgium some times you just have to march through it,0.0204,0,0.9796,image,0.8171,False,0.015500000000000002,-0.015499999999999958
8294,"what are you doing there? you're a cat, not a jew",0.0439,0,0.9561,image,0.5041,"what are you doing there? you're a cat, not a jew",0.0314,0,0.9686,image,0.9516,False,-0.012500000000000004,0.012500000000000067
8376,debris from todays tornadoes ..oops nevermind... that's just a picture from the snake pit at the indy 500,0.0101,0,0.9899,image,0.5041,debris from todays tornadoes ..oops nevermind... that's just a picture from the snake pit at the indy 500,0.0047,0,0.9953,image,0.8615,False,-0.005399999999999999,0.00539999999999996
8524,yellow black red and normal,0.0191,0,0.9809,image,0.5041,yellow black red and normal,0.0162,0,0.9838,image,0.8663,False,-0.0029,0.0029000000000000137
8541,when your test comes back and you got a 47 out of 46,0.0053,0,0.9947,image,0.5041,when your test comes back and you got a 47 out of 46,0.014,0,0.986,image,0.9316,False,0.0087,-0.008700000000000041
8567,"to see better, asians sometime switch to fullscreen veiw",0.0569,0,0.9431,image,0.5041,"to see better, asians sometime switch to fullscreen veiw",0.1646,0,0.8354,image,0.7021,False,0.10769999999999999,-0.10770000000000002
8653,a smile to bring joy in anyone's day,0.0016,0,0.9984,image,0.5041,a smile to bring joy in anyone's day,0.0034,0,0.9966,image,0.8656,False,0.0017999999999999997,-0.0017999999999999128
8674,burning things that don't mean anything to you,0.0046,0,0.9954,image,0.5041,burning things that don't mean anything to you,0.0049,0,0.9951,image,0.9456,False,0.0002999999999999999,-0.00029999999999996696
8691,"if he dies in the movie ""toy story"" all the toys have to watch as the children play with their dead friend's lifeless body",0.0028,0,0.9972,image,0.5041,"if he dies in the movie ""toy story"" all the toys have to watch as the children play with their dead friend's lifeless body",0.0092,0,0.9908,image,0.9588,False,0.0063999999999999994,-0.006399999999999961
8716,for decades bruce fondled her this just in caitlyn jenner claims,0.0046,0,0.9954,image,0.5041,for decades bruce fondled her this just in caitlyn jenner claims,0.0035,0,0.9965,image,0.9383,False,-0.0010999999999999998,0.001100000000000101
8917,"what are you doing there? you're a cat, not a jew",0.8889,1,0.8889,image,0.5041,"what are you doing there? you're a cat, not a jew",0.8434,1,0.8434,image,0.8917,False,-0.045499999999999985,-0.045499999999999985
9241,the dishwasher was making a funny sound but i fixed it,0.0105,0,0.9895,image,0.5041,the dishwasher was making a funny sound but i fixed it,0.0197,0,0.9803,image,0.8345,False,0.009199999999999998,-0.009200000000000097
9357,"when you fart next to the jewish kid, and realize you just gassed the jews",0.9815,1,0.9815,image,0.5041,"when you fart next to the jewish kid, and realize you just gassed the jews",0.9898,1,0.9898,image,0.9073,False,0.008299999999999974,0.008299999999999974
9426,"they might not be liking your pics, but i bet they're reading your comments and keeping track of who you respond to",0.0031,0,0.9969,image,0.5041,"they might not be liking your pics, but i bet they're reading your comments and keeping track of who you respond to",0.0125,0,0.9875,image,0.958,False,0.0094,-0.009399999999999964
9513,goats are friends not food,0.022,0,0.978,image,0.5041,goats are friends not food,0.0106,0,0.9894,image,0.8247,False,-0.011399999999999999,0.011399999999999966
9516,and that's why i gas people,0.0051,0,0.9949,image,0.5041,and that's why i gas people,0.0098,0,0.9902,image,0.9412,False,0.004699999999999999,-0.0047000000000000375
9638,thanksgiving in china,0.1853,0,0.8147,image,0.5041,thanksgiving in china,0.113,0,0.887,image,0.7182,False,-0.07229999999999999,0.07230000000000003
9675,omfg its a dirty mexican,0.593,1,0.593,image,0.5041,omfg its a dirty mexican,0.0333,0,0.9667,image,0.9418,True,-0.5597,0.37370000000000003
9687,rare picture of child birth,0.0039,0,0.9961,image,0.5041,rare picture of child birth,0.0242,0,0.9758,image,0.7798,False,0.0203,-0.020299999999999985
9723,half honky all donkey,0.2422,0,0.7578,image,0.5041,half honky all donkey,0.2056,0,0.7944,image,0.9076,False,-0.036599999999999994,0.036599999999999966
10234,when you've decided to start a life of crime,0.0046,0,0.9954,image,0.5041,when you've decided to start a life of crime,0.0043,0,0.9957,image,0.9454,False,-0.0002999999999999999,0.000300000000000078
10274,(laughs in goat fucker),0.0025,0,0.9975,image,0.5041,(laughs in goat fucker),0.0059,0,0.9941,image,0.9432,False,0.0034,-0.0034000000000000696
10287,found bigfoot married her,0.0095,0,0.9905,image,0.5041,found bigfoot married her,0.0128,0,0.9872,image,0.9149,False,0.003300000000000001,-0.0033000000000000806
10396,once a place where innocents were murdered. now a historical site for people to learn,0.0224,0,0.9776,image,0.5041,once a place where innocents were murdered. now a historical site for people to learn,0.007,0,0.993,image,0.9047,False,-0.0154,0.01539999999999997
10462,back in my day there were only two genders male and not male,0.9865,1,0.9865,image,0.5041,back in my day there were only two genders male and not male,0.9909,1,0.9909,image,0.6948,False,0.0043999999999999595,0.0043999999999999595
10475,refugees welcome,0.6817,1,0.6817,image,0.5041,refugees welcome,0.3114,0,0.6886,image,0.9322,True,-0.37029999999999996,0.006900000000000017
10476,how to fix a noisy dishwasher,0.967,1,0.967,image,0.5041,how to fix a noisy dishwasher,0.9521,1,0.9521,image,0.8051,False,-0.014900000000000024,-0.014900000000000024
10482,american asians how to prepare the dog for the family event,0.0667,0,0.9333,image,0.5041,american asians how to prepare the dog for the family event,0.7085,1,0.7085,image,0.6026,True,0.6418,-0.2248
10548,farming simulator 17,0.5535,1,0.5535,image,0.5041,farming simulator 17,0.8448,1,0.8448,text,0.495,False,0.2913,0.2913
10564,white people when they learn fish swim in schools,0.9019,1,0.9019,image,0.5041,white people when they learn fish swim in schools,0.9022,1,0.9022,image,0.757,False,0.00029999999999996696,0.00029999999999996696
10649,straight outta oven,0.9729,1,0.9729,image,0.5041,straight outta oven,0.9305,1,0.9305,text,0.4036,False,-0.04239999999999999,-0.04239999999999999
10652,"him: have you seen my cat lately? her: nope, have you seen your dad lately?",0.0517,0,0.9483,image,0.5041,"him: have you seen my cat lately? her: nope, have you seen your dad lately?",0.1453,0,0.8547,image,0.9097,False,0.09360000000000002,-0.09360000000000002
10748,can afford to travel from romania to london still picks your pocket,0.0659,0,0.9341,image,0.5041,can afford to travel from romania to london still picks your pocket,0.5097,1,0.5097,image,0.6956,True,0.44380000000000003,-0.4244
10865,this movie sucks i am thinking of another shooting,0.0092,0,0.9908,image,0.5041,this movie sucks i am thinking of another shooting,0.0085,0,0.9915,image,0.9122,False,-0.0006999999999999992,0.0007000000000000339
10938,international boxing day,0.0227,0,0.9773,image,0.5041,international boxing day,0.0421,0,0.9579,image,0.8886,False,0.019399999999999997,-0.019399999999999973
10956,check out these legs i bet you did nazi that coming,0.9898,1,0.9898,image,0.5041,check out these legs i bet you did nazi that coming,0.9019,1,0.9019,image,0.8496,False,-0.08789999999999998,-0.08789999999999998
10963,hope on a rope it's what everyone's been waiting for,0.002,0,0.998,image,0.5041,hope on a rope it's what everyone's been waiting for,0.0033,0,0.9967,image,0.9065,False,0.0013,-0.0012999999999999678
10967,@unhumanrights,0.6932,1,0.6932,image,0.5041,@unhumanrights,0.8551,1,0.8551,image,0.5865,False,0.16189999999999993,0.16189999999999993
12536,turning every country it touches into a shithole,0.9777,1,0.9777,image,0.5041,turning every country it touches into a shithole,0.9423,1,0.9423,image,0.6466,False,-0.03539999999999999,-0.03539999999999999
12589,"the religion of the muslims, a monotheistic faith regarded as revealed through muhammad as the prophet of allah",0.9671,1,0.9671,image,0.5041,"the religion of the muslims, a monotheistic faith regarded as revealed through muhammad as the prophet of allah",0.3333,0,0.6667,image,0.9042,True,-0.6337999999999999,-0.3004
12643,shia men after getting an erection,0.0524,0,0.9476,image,0.5041,shia men after getting an erection,0.2286,0,0.7714,image,0.8511,False,0.1762,-0.17620000000000002
12678,did you really think i was going to let the patriots lose,0.0061,0,0.9939,image,0.5041,did you really think i was going to let the patriots lose,0.0052,0,0.9948,image,0.939,False,-0.0009000000000000006,0.0009000000000000119
12785,found this old photo of our grand parents on their quad,0.2958,0,0.7042,image,0.5041,found this old photo of our grand parents on their quad,0.0515,0,0.9485,image,0.7635,False,-0.24430000000000002,0.24429999999999996
13058,knives out,0.012,0,0.988,image,0.5041,knives out,0.0036,0,0.9964,image,0.9064,False,-0.008400000000000001,0.008399999999999963
13069,replaced by misunderstood girlfriend doesn't get jealous,0.1695,0,0.8305,image,0.5041,replaced by misunderstood girlfriend doesn't get jealous,0.0508,0,0.9492,image,0.9208,False,-0.11870000000000001,0.11870000000000003
13074,when your dive instructor starts yelling in arabic,0.3109,0,0.6891,image,0.5041,when your dive instructor starts yelling in arabic,0.0361,0,0.9639,image,0.9171,False,-0.2748,0.27479999999999993
13285,hope on a rope it's what everyone's been waiting for!,0.0024,0,0.9976,image,0.5041,hope on a rope it's what everyone's been waiting for!,0.0021,0,0.9979,image,0.9529,False,-0.0002999999999999999,0.00029999999999996696
13297,the original derp face,0.0024,0,0.9976,image,0.5041,the original derp face,0.0039,0,0.9961,image,0.9497,False,0.0015,-0.0015000000000000568
13407,if you want good life for your children kill them all,0.9888,1,0.9888,image,0.5041,if you want good life for your children kill them all,0.9462,1,0.9462,image,0.8309,False,-0.04259999999999997,-0.04259999999999997
13674,hiding from his bath,0.0041,0,0.9959,image,0.5041,hiding from his bath,0.002,0,0.998,image,0.9518,False,-0.0021000000000000003,0.0020999999999999908
13720,oh god here comes that smelly indian kid,0.9475,1,0.9475,image,0.5041,oh god here comes that smelly indian kid,0.9019,1,0.9019,image,0.9366,False,-0.045599999999999974,-0.045599999999999974
13726,"democrats giving rights to those who have no right to be here, while taking rights from those who do",0.0272,0,0.9728,image,0.5041,"democrats giving rights to those who have no right to be here, while taking rights from those who do",0.0087,0,0.9913,image,0.8411,False,-0.0185,0.01849999999999996
13765,when your parents tell you to go to the store when you just got home,0.0009,0,0.9991,image,0.5041,when your parents tell you to go to the store when you just got home,0.0019,0,0.9981,image,0.9559,False,0.001,-0.0010000000000000009
13792,when daddy takes away your small loan so that you can't build a wall,0.0017,0,0.9983,image,0.5041,when daddy takes away your small loan so that you can't build a wall,0.0026,0,0.9974,image,0.9517,False,0.0009,-0.0009000000000000119
13870,if james brown and the creature from the black lagoon had a baby,0.9837,1,0.9837,image,0.5041,if james brown and the creature from the black lagoon had a baby,0.4539,0,0.5461,image,0.7,True,-0.5298,-0.4376
13874,ban the burka you must be fucking joking,0.8217,1,0.8217,image,0.5041,ban the burka you must be fucking joking,0.9792,1,0.9792,text,0.447,False,0.15749999999999997,0.15749999999999997
13890,when this said it would be dry this wasn't what i expected,0.0016,0,0.9984,image,0.5041,when this said it would be dry this wasn't what i expected,0.0038,0,0.9962,image,0.9437,False,0.0021999999999999997,-0.0021999999999999797
13907,new fishing school,0.0191,0,0.9809,image,0.5041,new fishing school,0.0188,0,0.9812,image,0.8971,False,-0.0002999999999999982,0.00029999999999996696
14267,when you beat up a black kid and get arrested for propriety damage,0.7626,1,0.7626,image,0.5041,when you beat up a black kid and get arrested for propriety damage,0.8015,1,0.8015,image,0.6786,False,0.038900000000000046,0.038900000000000046
14375,wait a sec are u trying to gas me again,0.0139,0,0.9861,image,0.5041,wait a sec are u trying to gas me again,0.0166,0,0.9834,image,0.8896,False,0.002700000000000001,-0.0026999999999999247
14583,man: i'd like to trade her in for newer one,0.0156,0,0.9844,image,0.5041,man: i'd like to trade her in for newer one,0.2376,0,0.7624,image,0.7077,False,0.222,-0.2220000000000001
14602,best polish removers,0.0118,0,0.9882,image,0.5041,best polish removers,0.0059,0,0.9941,image,0.9292,False,-0.0059,0.005900000000000016
14765,"i don't always talk to obama voters but when i do, i ask for large fries",0.0017,0,0.9983,image,0.5041,"i don't always talk to obama voters but when i do, i ask for large fries",0.0033,0,0.9967,image,0.953,False,0.0016,-0.0015999999999999348
14836,when your dad comes to career day and starts handing out mixtapes,0.0025,0,0.9975,image,0.5041,when your dad comes to career day and starts handing out mixtapes,0.0021,0,0.9979,image,0.9228,False,-0.0004000000000000002,0.00039999999999995595
15079,made rice krispies way before kelloggs,0.0056,0,0.9944,image,0.5041,made rice krispies way before kelloggs,0.0102,0,0.9898,image,0.9503,False,0.004600000000000001,-0.0045999999999999375
15097,you forgot a comma? i forgot your parents were in the gas chamber,0.0387,0,0.9613,image,0.5041,you forgot a comma? i forgot your parents were in the gas chamber,0.0476,0,0.9524,image,0.8589,False,0.008900000000000005,-0.008900000000000019
15306,i hate snow it's white and on my land,0.1191,0,0.8809,image,0.5041,i hate snow it's white and on my land,0.1731,0,0.8269,image,0.7652,False,0.054000000000000006,-0.05400000000000005
15379,when you unlock a new skin for your character,0.015,0,0.985,image,0.5041,when you unlock a new skin for your character,0.0432,0,0.9568,image,0.9293,False,0.028200000000000003,-0.028200000000000003
15438,real muslims radical muslims,0.1069,0,0.8931,image,0.5041,real muslims radical muslims,0.5523,1,0.5523,image,0.9069,True,0.4454,-0.3408
15473,i wish i could stand by you!,0.0077,0,0.9923,image,0.5041,i wish i could stand by you!,0.0148,0,0.9852,image,0.836,False,0.0071,-0.007099999999999995
15489,rice cooker now versus in 1945,0.005,0,0.995,image,0.5041,rice cooker now versus in 1945,0.0442,0,0.9558,image,0.7993,False,0.039200000000000006,-0.03920000000000001
15763,this project is tough but it will save the world,0.0018,0,0.9982,image,0.5041,this project is tough but it will save the world,0.0021,0,0.9979,image,0.9547,False,0.0002999999999999999,-0.00029999999999996696
15942,radical muslims want to cut your head off moderate muslims want radical muslims to cut your head off,0.8539,1,0.8539,image,0.5041,radical muslims want to cut your head off moderate muslims want radical muslims to cut your head off,0.3136,0,0.6864,image,0.8163,True,-0.5403,-0.16749999999999998
16029,you think i'm a terrorist but i identify as a firework,0.0187,0,0.9813,image,0.5041,you think i'm a terrorist but i identify as a firework,0.0247,0,0.9753,image,0.8845,False,0.005999999999999998,-0.006000000000000005
16042,women use chemicals to remove polish everyday and no one bats an eye i use chemicals to remove the polish and suddenly i'm the world's biggest villain!,0.9527,1,0.9527,image,0.5041,women use chemicals to remove polish everyday and no one bats an eye i use chemicals to remove the polish and suddenly i'm the world's biggest villain!,0.712,1,0.712,image,0.7152,False,-0.24070000000000003,-0.24070000000000003
16234,he is afraid of you more than you are afraid of him,0.0119,0,0.9881,image,0.5041,he is afraid of you more than you are afraid of him,0.0126,0,0.9874,image,0.7779,False,0.0006999999999999992,-0.0006999999999999229
16253,when your dive instructor starts yelling in arabic,0.1394,0,0.8606,image,0.5041,when your dive instructor starts yelling in arabic,0.0634,0,0.9366,image,0.9026,False,-0.076,0.07599999999999996
16302,"they don't know how to use condom, this is the only way to control their population",0.0097,0,0.9903,image,0.5041,"they don't know how to use condom, this is the only way to control their population",0.03,0,0.97,image,0.7658,False,0.0203,-0.020299999999999985
16320,everyone wants to be gangster until it's time to do gangster shit,0.0244,0,0.9756,image,0.5041,everyone wants to be gangster until it's time to do gangster shit,0.0233,0,0.9767,image,0.948,False,-0.0011000000000000003,0.0010999999999999899
16348,the same enemy. we all have by the same people my people were exploited by the same people my land was stolen my people was stolen by the same people,0.9609,1,0.9609,image,0.5041,the same enemy. we all have by the same people my people were exploited by the same people my land was stolen my people was stolen by the same people,0.9639,1,0.9639,text,0.3413,False,0.0030000000000000027,0.0030000000000000027
16395,handjobs sold seperately,0.854,1,0.854,image,0.5041,handjobs sold seperately,0.9602,1,0.9602,image,0.8349,False,0.10620000000000007,0.10620000000000007
16423,"911, what is your emergency? ""i asked a man to defend trump without saying obama, clinton or democrats""",0.0214,0,0.9786,image,0.5041,"911, what is your emergency? ""i asked a man to defend trump without saying obama, clinton or democrats""",0.0489,0,0.9511,image,0.942,False,0.0275,-0.02750000000000008
16452,"roses are red, violets are blue i hope you like anal fisting",0.0059,0,0.9941,image,0.5041,"roses are red, violets are blue i hope you like anal fisting",0.0163,0,0.9837,image,0.9366,False,0.0104,-0.010399999999999965
16473,"we are all the same no matter are you black, yellow, red or normal",0.1557,0,0.8443,image,0.5041,"we are all the same no matter are you black, yellow, red or normal",0.0637,0,0.9363,image,0.8137,False,-0.092,0.09199999999999997
16478,do you think cnn will be warned when 70 fbi agents show up at brennan's house at 5am?,0.0098,0,0.9902,image,0.5041,do you think cnn will be warned when 70 fbi agents show up at brennan's house at 5am?,0.0128,0,0.9872,image,0.9528,False,0.003000000000000001,-0.0030000000000000027
16529,my dog loves the attention,0.0708,0,0.9292,image,0.5041,my dog loves the attention,0.039,0,0.961,image,0.8594,False,-0.0318,0.03179999999999994
16592,what's the deal with black people? they're not black and they're not people,0.9269,1,0.9269,image,0.5041,what's the deal with black people? they're not black and they're not people,0.7867,1,0.7867,image,0.7396,False,-0.1402,-0.1402
16598,racist!!! fuck this somali piece of shit!!!,0.9664,1,0.9664,image,0.5041,racist!!! fuck this somali piece of shit!!!,0.9767,1,0.9767,image,0.5813,False,0.010299999999999976,0.010299999999999976
16758,how to put a refugee baby to sleep in less than one minute,0.0742,0,0.9258,image,0.5041,how to put a refugee baby to sleep in less than one minute,0.736,1,0.736,image,0.8301,True,0.6617999999999999,-0.18979999999999997
16827,partial arts,0.1095,0,0.8905,image,0.5041,partial arts,0.8001,1,0.8001,text,0.3736,True,0.6906,-0.09039999999999992
16832,"last year tyrone got a new job, started building his credit, then something amazing started to happen! and spending more time with his kids",0.9891,1,0.9891,image,0.5041,"last year tyrone got a new job, started building his credit, then something amazing started to happen! and spending more time with his kids",0.9748,1,0.9748,image,0.6354,False,-0.01429999999999998,-0.01429999999999998
16870,want to make america great again? vote on november 6 to replace the entire republican congress with folks with brains and morals who will act as a check on our corrupt and incompetent president,0.0054,0,0.9946,image,0.5041,want to make america great again? vote on november 6 to replace the entire republican congress with folks with brains and morals who will act as a check on our corrupt and incompetent president,0.0097,0,0.9903,image,0.9592,False,0.0043,-0.0043000000000000815
16904,than nasty i'd rather be deplorable,0.0423,0,0.9577,image,0.5041,than nasty i'd rather be deplorable,0.0126,0,0.9874,image,0.9334,False,-0.029699999999999997,0.02970000000000006
17062,"""how dark are my memes? well they...""",0.0067,0,0.9933,image,0.5041,"""how dark are my memes? well they...""",0.0282,0,0.9718,image,0.9429,False,0.0215,-0.021499999999999964
17096,there use to be a pet shelter here,0.0023,0,0.9977,image,0.5041,there use to be a pet shelter here,0.0046,0,0.9954,image,0.9455,False,0.0023,-0.0023000000000000798
17209,stop saying my religion is violent.. i will kill you in the or name of my religion,0.8984,1,0.8984,image,0.5041,stop saying my religion is violent.. i will kill you in the or name of my religion,0.2187,0,0.7813,image,0.7814,True,-0.6797,-0.11709999999999998
17285,slow cooker,0.976,1,0.976,image,0.5041,slow cooker,0.9739,1,0.9739,text,0.456,False,-0.0020999999999999908,-0.0020999999999999908
17508,use one to protect your watermelon farm,0.7783,1,0.7783,image,0.5041,use one to protect your watermelon farm,0.9069,1,0.9069,text,0.495,False,0.12860000000000005,0.12860000000000005
17524,if she responds to your sarcasm with sarcasm instead of getting offended... she's a fucking keeper,0.0045,0,0.9955,image,0.5041,if she responds to your sarcasm with sarcasm instead of getting offended... she's a fucking keeper,0.0377,0,0.9623,image,0.9553,False,0.0332,-0.03320000000000001
17539,why isn't my drain working? probably because the pipe's black,0.9854,1,0.9854,image,0.5041,why isn't my drain working? probably because the pipe's black,0.9727,1,0.9727,image,0.7555,False,-0.012700000000000045,-0.012700000000000045
17546,"the face you make when you don't understand what ""stop resisting"" means",0.0013,0,0.9987,image,0.5041,"the face you make when you don't understand what ""stop resisting"" means",0.0023,0,0.9977,image,0.9625,False,0.001,-0.0010000000000000009
17596,former first lady started a book tour,0.0046,0,0.9954,image,0.5041,former first lady started a book tour,0.0063,0,0.9937,image,0.8484,False,0.0017000000000000001,-0.0016999999999999238
17642,"think about it: every single corpse on mt. everest was once a highly motivated person stay lazy, my friends",0.0046,0,0.9954,image,0.5041,"think about it: every single corpse on mt. everest was once a highly motivated person stay lazy, my friends",0.0103,0,0.9897,image,0.9489,False,0.0057,-0.005699999999999927
17805,allah! my goat doesn't love me anymore!,0.9697,1,0.9697,image,0.5041,allah! my goat doesn't love me anymore!,0.9772,1,0.9772,image,0.5148,False,0.007499999999999951,0.007499999999999951
17809,musllim logic: important unimportant,0.0715,0,0.9285,image,0.5041,musllim logic: important unimportant,0.1094,0,0.8906,image,0.9143,False,0.0379,-0.037900000000000045
17845,made rice krispies way before kellogg's,0.0374,0,0.9626,image,0.5041,made rice krispies way before kellogg's,0.0085,0,0.9915,image,0.8517,False,-0.028900000000000002,0.028900000000000037
17852,you know that we are better than any other race,0.0365,0,0.9635,image,0.5041,you know that we are better than any other race,0.3805,0,0.6195,image,0.9253,False,0.34400000000000003,-0.344
17864,when dad keeps banging the goat instead of you,0.9773,1,0.9773,image,0.5041,when dad keeps banging the goat instead of you,0.98,1,0.98,text,0.3527,False,0.0027000000000000357,0.0027000000000000357
17869,party tonight? i'm down,0.007,0,0.993,image,0.5041,party tonight? i'm down,0.0053,0,0.9947,image,0.9192,False,-0.0017000000000000001,0.0017000000000000348
17904,today i feel so hot don't you?,0.0239,0,0.9761,image,0.5041,today i feel so hot don't you?,0.0273,0,0.9727,image,0.8239,False,0.0034000000000000002,-0.0033999999999999586
17935,we're glad you're home. the russians pooped in the hallway,0.0099,0,0.9901,image,0.5041,we're glad you're home. the russians pooped in the hallway,0.2679,0,0.7321,image,0.9423,False,0.258,-0.258
17938,"""life hack #23 how to get stoned with no weed""",0.9771,1,0.9771,image,0.5041,"""life hack #23 how to get stoned with no weed""",0.9825,1,0.9825,text,0.3998,False,0.005400000000000071,0.005400000000000071
18239,orange is the new black,0.0205,0,0.9795,image,0.5041,orange is the new black,0.0047,0,0.9953,image,0.8759,False,-0.0158,0.015799999999999925
18406,welcome to melbourne have a nice day,0.0015,0,0.9985,image,0.5041,welcome to melbourne have a nice day,0.0035,0,0.9965,image,0.9431,False,0.002,-0.0020000000000000018
18430,share a coke with your dad,0.9571,1,0.9571,image,0.5041,share a coke with your dad,0.8188,1,0.8188,image,0.5263,False,-0.13829999999999998,-0.13829999999999998
18453,when i grow up i want to be a gas plumber,0.7348,1,0.7348,image,0.5041,when i grow up i want to be a gas plumber,0.9448,1,0.9448,image,0.6591,False,0.20999999999999996,0.20999999999999996
18462,when it's your first time sky diving,0.0054,0,0.9946,image,0.5041,when it's your first time sky diving,0.0153,0,0.9847,image,0.8967,False,0.009899999999999999,-0.00990000000000002
18465,this is hercules the liger. he weighs 922 pounds that makes him one of the biggest pussies on earth... next to your bitch ass,0.0062,0,0.9938,image,0.5041,this is hercules the liger. he weighs 922 pounds that makes him one of the biggest pussies on earth... next to your bitch ass,0.0667,0,0.9333,image,0.9416,False,0.0605,-0.0605
18674,"hey, baby i'm getting dinner started you gonna help out or just stand there? wtf, srsly?",0.0049,0,0.9951,image,0.5041,"hey, baby i'm getting dinner started you gonna help out or just stand there? wtf, srsly?",0.013,0,0.987,image,0.906,False,0.0081,-0.008099999999999996
18750,turn for what,0.0137,0,0.9863,image,0.5041,turn for what,0.0082,0,0.9918,image,0.9099,False,-0.0055,0.00550000000000006
19230,congratulations it's non binary,0.6312,1,0.6312,image,0.5041,congratulations it's non binary,0.3162,0,0.6838,image,0.7267,True,-0.315,0.05259999999999998
19238,when did you decide to gender swap? it started when i ls swapped my mustang,0.1935,0,0.8065,image,0.5041,when did you decide to gender swap? it started when i ls swapped my mustang,0.1761,0,0.8239,image,0.9451,False,-0.0174,0.01739999999999997
19346,these women have access to top secret classified information let that sink in,0.0286,0,0.9714,image,0.5041,these women have access to top secret classified information let that sink in,0.0977,0,0.9023,image,0.5859,False,0.0691,-0.06910000000000005
19384,when your leader is killed by a drone and you get to fuck his herd of goats,0.0005,0,0.9995,image,0.5041,when your leader is killed by a drone and you get to fuck his herd of goats,0.0021,0,0.9979,image,0.9623,False,0.0015999999999999999,-0.0016000000000000458
19587,i support terrorists because they're pea brains like me,0.9608,1,0.9608,image,0.5041,i support terrorists because they're pea brains like me,0.7654,1,0.7654,image,0.6774,False,-0.19540000000000002,-0.19540000000000002
19672,got any more dumb white people,0.1385,0,0.8615,image,0.5041,got any more dumb white people,0.1844,0,0.8156,image,0.8912,False,0.045899999999999996,-0.04590000000000005
19684,a muslim mans fantasy,0.9894,1,0.9894,image,0.5041,a muslim mans fantasy,0.9938,1,0.9938,image,0.8405,False,0.0044000000000000705,0.0044000000000000705
19740,where we were where we are from,0.4268,0,0.5732,image,0.5041,where we were where we are from,0.0742,0,0.9258,image,0.735,False,-0.3526,0.3525999999999999
19846,how to spot a criminal,0.0116,0,0.9884,image,0.5041,how to spot a criminal,0.0077,0,0.9923,image,0.9463,False,-0.003899999999999999,0.0039000000000000146
20145,is it a boy or a girl? it's a bomb,0.0141,0,0.9859,image,0.5041,is it a boy or a girl? it's a bomb,0.0133,0,0.9867,image,0.8372,False,-0.0008000000000000004,0.0008000000000000229
20174,when dishwasher stops working take it back,0.0062,0,0.9938,image,0.5041,when dishwasher stops working take it back,0.0231,0,0.9769,image,0.9346,False,0.0169,-0.016900000000000026
20413,you get a day off for martin luther king ? hell we should shoot six more and get the week off,0.976,1,0.976,image,0.5041,you get a day off for martin luther king ? hell we should shoot six more and get the week off,0.9801,1,0.9801,image,0.9093,False,0.0040999999999999925,0.0040999999999999925
20749,"ideology kills a dozen ""infidels""",0.9916,1,0.9916,image,0.5041,"ideology kills a dozen ""infidels""",0.9932,1,0.9932,image,0.7835,False,0.0015999999999999348,0.0015999999999999348
20781,you'll never be lonely@ goatsonly.com,0.0334,0,0.9666,image,0.5041,you'll never be lonely@ goatsonly.com,0.5634,1,0.5634,image,0.6484,True,0.53,-0.4032
20786,can hear you taking a massive shit in a public toilet turns the hand dryers on as he leaves,0.8631,1,0.8631,image,0.5041,can hear you taking a massive shit in a public toilet turns the hand dryers on as he leaves,0.6947,1,0.6947,image,0.7011,False,-0.1684,-0.1684
20815,old barack obama,0.0101,0,0.9899,image,0.5041,old barack obama,0.0603,0,0.9397,image,0.6413,False,0.0502,-0.05020000000000002
20854,can you spot the difference?!?!? didn't take me long either - 1st car's red,0.0043,0,0.9957,image,0.5041,can you spot the difference?!?!? didn't take me long either - 1st car's red,0.0027,0,0.9973,image,0.9642,False,-0.0015999999999999999,0.0015999999999999348
20918,what every arab in sydney looks like,0.0747,0,0.9253,image,0.5041,what every arab in sydney looks like,0.0382,0,0.9618,image,0.8656,False,-0.036500000000000005,0.03649999999999998
20974,when mom asks where all the jews went,0.989,1,0.989,image,0.5041,when mom asks where all the jews went,0.9491,1,0.9491,image,0.7353,False,-0.039899999999999936,-0.039899999999999936
21065,i just squirted tranny fluid,0.9384,1,0.9384,image,0.5041,i just squirted tranny fluid,0.9762,1,0.9762,image,0.9322,False,0.037799999999999945,0.037799999999999945
21364,neo-nazis exist today and i thought we learned our lesson,0.0505,0,0.9495,image,0.5041,neo-nazis exist today and i thought we learned our lesson,0.0568,0,0.9432,image,0.6638,False,0.0063,-0.006299999999999972
21386,the victoria's secret angels across america tour,0.0397,0,0.9603,image,0.5041,the victoria's secret angels across america tour,0.0213,0,0.9787,image,0.9307,False,-0.0184,0.018399999999999972
21497,what a true rapist looks like,0.7094,1,0.7094,image,0.5041,what a true rapist looks like,0.8809,1,0.8809,image,0.5662,False,0.17149999999999999,0.17149999999999999
21530,went down on a muslim bitch. her pussy was the bomb!,0.9856,1,0.9856,image,0.5041,went down on a muslim bitch. her pussy was the bomb!,0.9948,1,0.9948,image,0.9123,False,0.009199999999999986,0.009199999999999986
21640,when a waitress dates the new dishwasher,0.9768,1,0.9768,image,0.5041,when a waitress dates the new dishwasher,0.9588,1,0.9588,image,0.8412,False,-0.018000000000000016,-0.018000000000000016
21647,when you're a terrible dictator and want to conquer the world,0.0042,0,0.9958,image,0.5041,when you're a terrible dictator and want to conquer the world,0.0057,0,0.9943,image,0.875,False,0.0015000000000000005,-0.0015000000000000568
21659,asian child with her pet,0.0023,0,0.9977,image,0.5041,asian child with her pet,0.0064,0,0.9936,image,0.9476,False,0.0041,-0.0040999999999999925
21730,live. laugh. love,0.0051,0,0.9949,image,0.5041,live. laugh. love,0.0046,0,0.9954,image,0.8647,False,-0.0005000000000000004,0.0004999999999999449
21849,march 8th international women's day,0.0321,0,0.9679,image,0.5041,march 8th international women's day,0.0088,0,0.9912,image,0.9016,False,-0.023299999999999994,0.023299999999999987
21863,farming 1800,0.456,0,0.544,image,0.5041,farming 1800,0.2211,0,0.7789,image,0.5462,False,-0.23490000000000003,0.2349
21903,we're all americans and we're in this together,0.0237,0,0.9763,image,0.5041,we're all americans and we're in this together,0.0415,0,0.9585,image,0.9461,False,0.017800000000000003,-0.017799999999999927
23014,lookin fly for london fashion week,0.0046,0,0.9954,image,0.5041,lookin fly for london fashion week,0.0046,0,0.9954,image,0.8766,False,0.0,0.0
23018,we need some. cause sandwiches don't make themselves up here,0.0537,0,0.9463,image,0.5041,we need some. cause sandwiches don't make themselves up here,0.2187,0,0.7813,image,0.9494,False,0.165,-0.16500000000000004
23047,i like to play outside,0.002,0,0.998,image,0.5041,i like to play outside,0.0044,0,0.9956,image,0.9498,False,0.0024000000000000002,-0.0023999999999999577
23075,when your teacher roasts you and your homie but he doesn't know about the bomb that's going off in 2 mins,0.0654,0,0.9346,image,0.5041,when your teacher roasts you and your homie but he doesn't know about the bomb that's going off in 2 mins,0.2171,0,0.7829,image,0.7302,False,0.1517,-0.15169999999999995
23175,all men are pigs women are equal to men,0.9722,1,0.9722,image,0.5041,all men are pigs women are equal to men,0.9759,1,0.9759,image,0.6904,False,0.0037000000000000366,0.0037000000000000366
23197,"""beats by dre beats by tyrone",0.0128,0,0.9872,image,0.5041,"""beats by dre beats by tyrone",0.0335,0,0.9665,image,0.9061,False,0.020700000000000003,-0.02069999999999994
23419,islamic prayers answered,0.9218,1,0.9218,image,0.5041,islamic prayers answered,0.3875,0,0.6125,image,0.859,True,-0.5343,-0.3092999999999999
23619,party tonight?   i'm down,0.0033,0,0.9967,image,0.5041,party tonight?   i'm down,0.0028,0,0.9972,image,0.9523,False,-0.0005,0.0004999999999999449
23694,"""we will take over politically, oust the constitution, establish sharia law, and behead all non- muslims, right in the streets of america""",0.583,1,0.583,image,0.5041,"""we will take over politically, oust the constitution, establish sharia law, and behead all non- muslims, right in the streets of america""",0.3995,0,0.6005,image,0.8796,True,-0.18349999999999994,0.01750000000000007
23751,porn casting or terrorist recruitment? -yes i can blow,0.107,0,0.893,image,0.5041,porn casting or terrorist recruitment? -yes i can blow,0.3695,0,0.6305,text,0.4601,False,0.2625,-0.26250000000000007
23817,sea monkeys,0.0134,0,0.9866,image,0.5041,sea monkeys,0.0185,0,0.9815,image,0.8271,False,0.005099999999999999,-0.005099999999999993
23897,all was well in new york until the fire nation attacked,0.0016,0,0.9984,image,0.5041,all was well in new york until the fire nation attacked,0.0058,0,0.9942,image,0.7551,False,0.0042,-0.0041999999999999815
24019,lawn darts muslim style,0.894,1,0.894,image,0.5041,lawn darts muslim style,0.2272,0,0.7728,image,0.8984,True,-0.6668000000000001,-0.12119999999999997
24351,this story touched my heart twins separated at birth find eachother after 50 yrs,0.2343,0,0.7657,image,0.5041,this story touched my heart twins separated at birth find eachother after 50 yrs,0.0591,0,0.9409,image,0.7046,False,-0.17520000000000002,0.1751999999999999
24658,"silly f@ggots, dicks are for chicks get trump's out of your mouth",0.2737,0,0.7263,image,0.5041,"silly f@ggots, dicks are for chicks get trump's out of your mouth",0.7507,1,0.7507,image,0.8213,True,0.47700000000000004,0.02440000000000009
24689,old barack obama,0.0242,0,0.9758,image,0.5041,old barack obama,0.0244,0,0.9756,image,0.9276,False,0.00020000000000000226,-0.00019999999999997797
24756,met a jewish girl and she asked me for my number i told her we use names here,0.995,1,0.995,image,0.5041,met a jewish girl and she asked me for my number i told her we use names here,0.991,1,0.991,image,0.5017,False,-0.0040000000000000036,-0.0040000000000000036
24815,the day that shook new york city,0.0035,0,0.9965,image,0.5041,the day that shook new york city,0.0044,0,0.9956,image,0.8251,False,0.0009000000000000002,-0.0009000000000000119
24836,surrender my guns to a government that doesn't think twice about slaughtering a helpless baby.. you've absolutely lost your damn mind!,0.0101,0,0.9899,image,0.5041,surrender my guns to a government that doesn't think twice about slaughtering a helpless baby.. you've absolutely lost your damn mind!,0.1402,0,0.8598,image,0.9332,False,0.1301,-0.1301
24973,in england they drive on the left in canada we drive on what's left,0.0049,0,0.9951,image,0.5041,in england they drive on the left in canada we drive on what's left,0.0102,0,0.9898,image,0.9465,False,0.005300000000000001,-0.005299999999999971
25193,you wanna get rid of flags and statues that remind you of the history of slavery? black people were around during slavery you wanna get rid of them too?,0.0158,0,0.9842,image,0.5041,you wanna get rid of flags and statues that remind you of the history of slavery? black people were around during slavery you wanna get rid of them too?,0.9647,1,0.9647,image,0.9459,True,0.9489,-0.019499999999999962
25463,what would you do if i got pregnant,0.0085,0,0.9915,image,0.5041,what would you do if i got pregnant,0.022,0,0.978,image,0.8881,False,0.013499999999999998,-0.013500000000000068
25749,funny santa,0.0467,0,0.9533,image,0.5041,funny santa,0.0163,0,0.9837,image,0.8761,False,-0.0304,0.030399999999999983
25874,picture of conservatives rioting in the streets after the 9th circuit court of appeals ruling,0.0045,0,0.9955,image,0.5041,picture of conservatives rioting in the streets after the 9th circuit court of appeals ruling,0.0096,0,0.9904,image,0.9557,False,0.0050999999999999995,-0.0051000000000001044
25893,the evolution of man,0.0031,0,0.9969,image,0.5041,the evolution of man,0.0041,0,0.9959,image,0.9138,False,0.0010000000000000005,-0.0010000000000000009
25908,"lynchings were most frequent from 1890 to the 1920s, with a peak in 1892",0.0219,0,0.9781,image,0.5041,"lynchings were most frequent from 1890 to the 1920s, with a peak in 1892",0.0265,0,0.9735,image,0.8336,False,0.0046,-0.0045999999999999375
26091,no to transphobes give trans people peace,0.2082,0,0.7918,image,0.5041,no to transphobes give trans people peace,0.0893,0,0.9107,image,0.9345,False,-0.11889999999999999,0.1189
26197,"instead of saying ""fuck the ss"" how about you stop breaking the law?",0.5309,1,0.5309,image,0.5041,"instead of saying ""fuck the ss"" how about you stop breaking the law?",0.8917,1,0.8917,image,0.8374,False,0.3608,0.3608
26347,indians evolution after 15august1947,0.9801,1,0.9801,image,0.5041,indians evolution after 15august1947,0.9494,1,0.9494,image,0.5883,False,-0.03069999999999995,-0.03069999999999995
26358,charcoal mask. looks cool. tastes weird,0.0013,0,0.9987,image,0.5041,charcoal mask. looks cool. tastes weird,0.0021,0,0.9979,image,0.9403,False,0.0007999999999999999,-0.0008000000000000229
26391,"""my husband told me to make him a sandwich i need a good comeback i would come back with a sandwich""",0.7535,1,0.7535,image,0.5041,"""my husband told me to make him a sandwich i need a good comeback i would come back with a sandwich""",0.7528,1,0.7528,image,0.9065,False,-0.0006999999999999229,-0.0006999999999999229
26531,"millions of kills, 1 death what a fucking camper",0.6838,1,0.6838,image,0.5041,"millions of kills, 1 death what a fucking camper",0.351,0,0.649,image,0.7786,True,-0.3328,-0.03479999999999994
26537,i love to run,0.0017,0,0.9983,image,0.5041,i love to run,0.0021,0,0.9979,image,0.9158,False,0.00039999999999999996,-0.00039999999999995595
26549,hmm today i will commit 50% of all violent crimes despite being only 13% percent of the population being opressed time,0.9895,1,0.9895,image,0.5041,hmm today i will commit 50% of all violent crimes despite being only 13% percent of the population being opressed time,0.9939,1,0.9939,image,0.7457,False,0.0043999999999999595,0.0043999999999999595
26573,man: i'd like her the way she is,0.005,0,0.995,image,0.5041,man: i'd like her the way she is,0.0143,0,0.9857,image,0.8714,False,0.0093,-0.009299999999999975
26738,blacks are musical they always love a good beat,0.2437,0,0.7563,image,0.5041,blacks are musical they always love a good beat,0.3945,0,0.6055,image,0.9492,False,0.15080000000000002,-0.15079999999999993
26781,vacation on a train it is long but it is beautiful try it,0.0022,0,0.9978,image,0.5041,vacation on a train it is long but it is beautiful try it,0.0038,0,0.9962,image,0.9496,False,0.0015999999999999999,-0.0016000000000000458
26891,today we're making vegetable soup! the most disturbing thing i've seen all day.,0.9727,1,0.9727,image,0.5041,today we're making vegetable soup! the most disturbing thing i've seen all day.,0.9609,1,0.9609,image,0.7114,False,-0.011800000000000033,-0.011800000000000033
26910,"""they are the biggest terrorists in the history of the world. we have entire history of books showing this data""",0.0044,0,0.9956,image,0.5041,"""they are the biggest terrorists in the history of the world. we have entire history of books showing this data""",0.0196,0,0.9804,image,0.704,False,0.015199999999999998,-0.015199999999999991
26914,new implant allows muslims to speak directly with allah apply to forehead,0.9864,1,0.9864,image,0.5041,new implant allows muslims to speak directly with allah apply to forehead,0.9917,1,0.9917,image,0.7962,False,0.005299999999999971,0.005299999999999971
27105,german fireworks,0.0162,0,0.9838,image,0.5041,german fireworks,0.0334,0,0.9666,image,0.908,False,0.0172,-0.017199999999999993
27180,inbred you are cat piss you smell like,0.0053,0,0.9947,image,0.5041,inbred you are cat piss you smell like,0.0303,0,0.9697,image,0.9024,False,0.025,-0.025000000000000022
27309,"what is up with black people they're not black, or people",0.7212,1,0.7212,image,0.5041,"what is up with black people they're not black, or people",0.9769,1,0.9769,image,0.9339,False,0.25570000000000004,0.25570000000000004
27408,she's chilling with her new purchases,0.0163,0,0.9837,image,0.5041,she's chilling with her new purchases,0.0698,0,0.9302,image,0.8781,False,0.053500000000000006,-0.05349999999999999
27410,party tonight? i'm down,0.0258,0,0.9742,image,0.5041,party tonight? i'm down,0.0107,0,0.9893,image,0.8514,False,-0.0151,0.015100000000000002
27496,"personal stylist $15,000 / week makeup artist $4,000 / month makeup artist $4,000 / month i can't tell the difference",0.0403,0,0.9597,image,0.5041,"personal stylist $15,000 / week makeup artist $4,000 / month makeup artist $4,000 / month i can't tell the difference",0.023,0,0.977,image,0.7132,False,-0.017300000000000003,0.017299999999999982
27506,ladies and gents i present you with miss islam 2015 contenders,0.0485,0,0.9515,image,0.5041,ladies and gents i present you with miss islam 2015 contenders,0.0422,0,0.9578,image,0.872,False,-0.0063,0.006299999999999972
27519,"note to americans: we behead our own so keep on ""tolerating us"" until we take over your country",0.0194,0,0.9806,image,0.5041,"note to americans: we behead our own so keep on ""tolerating us"" until we take over your country",0.0391,0,0.9609,image,0.9491,False,0.019700000000000002,-0.01970000000000005
27548,illegal immigration the cowboy way we'll know them if they try to come back in!,0.0973,0,0.9027,image,0.5041,illegal immigration the cowboy way we'll know them if they try to come back in!,0.2286,0,0.7714,image,0.9369,False,0.1313,-0.13129999999999997
27580,showing off my new tat,0.0438,0,0.9562,image,0.5041,showing off my new tat,0.0277,0,0.9723,image,0.7258,False,-0.0161,0.016100000000000003
27659,when ur too young to know racism but ur happy cause u got a new pet,0.718,1,0.718,image,0.5041,when ur too young to know racism but ur happy cause u got a new pet,0.3951,0,0.6049,image,0.7521,True,-0.32289999999999996,-0.11309999999999998
27861,what i say about the gunman every time there's a mass shooting,0.0329,0,0.9671,image,0.5041,what i say about the gunman every time there's a mass shooting,0.0183,0,0.9817,image,0.8439,False,-0.014599999999999998,0.014600000000000057
27960,oops. broke the dishwasher again,0.0133,0,0.9867,image,0.5041,oops. broke the dishwasher again,0.0414,0,0.9586,image,0.9364,False,0.0281,-0.028100000000000014
27980,when the vegetables are 2 for the price of 1,0.9789,1,0.9789,image,0.5041,when the vegetables are 2 for the price of 1,0.981,1,0.981,text,0.4302,False,0.0020999999999999908,0.0020999999999999908
28196,"the woman you met who admits she's wrong, apologizes and changes her ways",0.0463,0,0.9537,image,0.5041,"the woman you met who admits she's wrong, apologizes and changes her ways",0.0668,0,0.9332,image,0.7944,False,0.020499999999999997,-0.020499999999999963
28396,doesn't wear tampons because she trips over the string,0.9803,1,0.9803,image,0.5041,doesn't wear tampons because she trips over the string,0.9532,1,0.9532,image,0.6762,False,-0.027099999999999902,-0.027099999999999902
28463,your dog's favorite food,0.0028,0,0.9972,image,0.5041,your dog's favorite food,0.0055,0,0.9945,image,0.842,False,0.0026999999999999997,-0.0026999999999999247
28495,spending alot of time with your pets,0.0191,0,0.9809,image,0.5041,spending alot of time with your pets,0.011,0,0.989,image,0.9396,False,-0.0081,0.008099999999999996
28504,we wouldn't change him for the world. but we wish the world would change for him,0.2065,0,0.7935,image,0.5041,we wouldn't change him for the world. but we wish the world would change for him,0.0227,0,0.9773,image,0.7985,False,-0.1838,0.18379999999999996
28534,it's the cowboy way of doin things,0.0075,0,0.9925,image,0.5041,it's the cowboy way of doin things,0.0039,0,0.9961,image,0.9578,False,-0.0036,0.0035999999999999366
28579,michele obama holding a fundraising for studying animal intelligence,0.0125,0,0.9875,image,0.5041,michele obama holding a fundraising for studying animal intelligence,0.1008,0,0.8992,image,0.8591,False,0.0883,-0.08830000000000005
28716,can you smell what the reich is cooking?,0.0257,0,0.9743,image,0.5041,can you smell what the reich is cooking?,0.0208,0,0.9792,image,0.8684,False,-0.004900000000000002,0.004899999999999904
28790,monkeys often pick bugs off each other to snack on,0.0144,0,0.9856,image,0.5041,monkeys often pick bugs off each other to snack on,0.037,0,0.963,image,0.9287,False,0.0226,-0.022600000000000064
28954,"don't like me? i don't care, it's still a beautiful day in my neighborhood",0.0054,0,0.9946,image,0.5041,"don't like me? i don't care, it's still a beautiful day in my neighborhood",0.0128,0,0.9872,image,0.8463,False,0.0074,-0.007400000000000073
29384,they're in a row,0.0028,0,0.9972,image,0.5041,they're in a row,0.0046,0,0.9954,image,0.9414,False,0.0018,-0.0018000000000000238
29406,ahmed? im pregnant!!!,0.8869,1,0.8869,image,0.5041,ahmed? im pregnant!!!,0.982,1,0.982,text,0.4126,False,0.09509999999999996,0.09509999999999996
29408,screw area 51 lets storm cheyenne mountain and get the stargate,0.0023,0,0.9977,image,0.5041,screw area 51 lets storm cheyenne mountain and get the stargate,0.0241,0,0.9759,image,0.9352,False,0.0218,-0.02180000000000004
29467,love is more powerful than any other force in the world,0.0033,0,0.9967,image,0.5041,love is more powerful than any other force in the world,0.0084,0,0.9916,image,0.8578,False,0.0050999999999999995,-0.005099999999999993
29483,the effects of slavery are still felt to this day,0.179,0,0.821,image,0.5041,the effects of slavery are still felt to this day,0.0295,0,0.9705,image,0.7557,False,-0.1495,0.14950000000000008
29547,the evolution of man,0.3414,0,0.6586,image,0.5041,the evolution of man,0.8358,1,0.8358,text,0.4545,True,0.4944,0.17720000000000002
29706,"""one man's trash is another man's treasure"" is a great quote, but it's not the best way to tell your kid he's adopted",0.0024,0,0.9976,image,0.5041,"""one man's trash is another man's treasure"" is a great quote, but it's not the best way to tell your kid he's adopted",0.0081,0,0.9919,image,0.9494,False,0.0057,-0.005700000000000038
29710,don't think this cream is working... maybe this will work?..... nothing's happening,0.6235,1,0.6235,image,0.5041,don't think this cream is working... maybe this will work?..... nothing's happening,0.2606,0,0.7394,image,0.7258,True,-0.36290000000000006,0.11589999999999989
29863,when your parents ask why the gas bill is so high,0.0061,0,0.9939,image,0.5041,when your parents ask why the gas bill is so high,0.0112,0,0.9888,image,0.8341,False,0.0050999999999999995,-0.005099999999999993
30124,relaxing weekend share with 10 more people if you agree,0.0061,0,0.9939,image,0.5041,relaxing weekend share with 10 more people if you agree,0.0213,0,0.9787,image,0.8418,False,0.015199999999999998,-0.015199999999999991
30154,"you should thank me for what i've done, there would have been more of them",0.0388,0,0.9612,image,0.5041,"you should thank me for what i've done, there would have been more of them",0.0698,0,0.9302,image,0.8424,False,0.031,-0.031000000000000028
30571,trump is functionally illiterate and knows almost nothing about american history,0.0993,0,0.9007,image,0.5041,trump is functionally illiterate and knows almost nothing about american history,0.0055,0,0.9945,image,0.9408,False,-0.0938,0.0938000000000001
30576,why don't they eat pussy? too close because it's to the gas chamber,0.9957,1,0.9957,image,0.5041,why don't they eat pussy? too close because it's to the gas chamber,0.997,1,0.997,image,0.5987,False,0.0012999999999999678,0.0012999999999999678
30762,muslim women are fighting for freedom and are ready for its consequences,0.0933,0,0.9067,image,0.5041,muslim women are fighting for freedom and are ready for its consequences,0.1561,0,0.8439,image,0.913,False,0.0628,-0.06279999999999997
30815,the only way to deal with islam,0.0148,0,0.9852,image,0.5041,the only way to deal with islam,0.0193,0,0.9807,image,0.8382,False,0.0045000000000000005,-0.0044999999999999485
30849,when you finger an asian girl,0.9342,1,0.9342,image,0.5041,when you finger an asian girl,0.8791,1,0.8791,text,0.3694,False,-0.05510000000000004,-0.05510000000000004
30864,the lion once again shows why he's the king of the jungle,0.0038,0,0.9962,image,0.5041,the lion once again shows why he's the king of the jungle,0.0084,0,0.9916,image,0.9539,False,0.0046,-0.0045999999999999375
30954,when germans try to dab,0.6051,1,0.6051,image,0.5041,when germans try to dab,0.9203,1,0.9203,image,0.6104,False,0.31520000000000004,0.31520000000000004
31042,when you max out intelligence and put nothing on agility,0.0073,0,0.9927,image,0.5041,when you max out intelligence and put nothing on agility,0.1692,0,0.8308,image,0.9338,False,0.1619,-0.16190000000000004
31057,the i'm not black but my kids will be face,0.398,0,0.602,image,0.5041,the i'm not black but my kids will be face,0.4435,0,0.5565,image,0.7979,False,0.045499999999999985,-0.045499999999999985
31267,shakespeare play the taming of the shrew,0.1497,0,0.8503,image,0.5041,shakespeare play the taming of the shrew,0.0753,0,0.9247,image,0.7827,False,-0.0744,0.07440000000000002
31405,"""they were uneducated false. they all had their masters""",0.051,0,0.949,image,0.5041,"""they were uneducated false. they all had their masters""",0.0481,0,0.9519,image,0.8134,False,-0.0029,0.0029000000000000137
31468,black santa,0.3126,0,0.6874,image,0.5041,black santa,0.8594,1,0.8594,image,0.5893,True,0.5468000000000001,0.17200000000000004
31470,they were mentally ill. i had to cure them,0.0165,0,0.9835,image,0.5041,they were mentally ill. i had to cure them,0.0421,0,0.9579,image,0.9367,False,0.025599999999999998,-0.025600000000000067
31569,why don't they eat pussy? because it's too close to the gas chamber,0.9959,1,0.9959,image,0.5041,why don't they eat pussy? because it's too close to the gas chamber,0.9949,1,0.9949,image,0.7174,False,-0.0010000000000000009,-0.0010000000000000009
31590,when you told her you was going to fuck her till she was stupid,0.2564,0,0.7436,image,0.5041,when you told her you was going to fuck her till she was stupid,0.5026,1,0.5026,image,0.6815,True,0.24620000000000003,-0.241
31627,a fire cracker,0.0047,0,0.9953,image,0.5041,a fire cracker,0.0034,0,0.9966,image,0.9517,False,-0.0013000000000000004,0.0013000000000000789
31760,canadian border jumper detained by american patriot,0.0129,0,0.9871,image,0.5041,canadian border jumper detained by american patriot,0.0177,0,0.9823,image,0.8963,False,0.0048000000000000004,-0.0048000000000000265
31805,what if hitler was the second coming of jesus and he just wanted revenge,0.9868,1,0.9868,image,0.5041,what if hitler was the second coming of jesus and he just wanted revenge,0.233,0,0.767,image,0.9423,True,-0.7538,-0.2198
31875,i went on a date blind date,0.0079,0,0.9921,image,0.5041,i went on a date blind date,0.0139,0,0.9861,image,0.8433,False,0.005999999999999998,-0.006000000000000005
31892,looking ready to drop the hottest hip hop album of 2020,0.0022,0,0.9978,image,0.5041,looking ready to drop the hottest hip hop album of 2020,0.0016,0,0.9984,image,0.9307,False,-0.0006000000000000001,0.0005999999999999339
31894,i had a fight at school and now all my rights are suspended,0.0033,0,0.9967,image,0.5041,i had a fight at school and now all my rights are suspended,0.0152,0,0.9848,image,0.7092,False,0.0119,-0.011900000000000022
31907,"i once went to a halloween party only in my jeans. and everyone was so confused and asked me what it means could you please explain your appearance to us, by chance? i said ""i'm premature ejaculation; i just came in my pants.""",0.2154,0,0.7846,image,0.5041,"i once went to a halloween party only in my jeans. and everyone was so confused and asked me what it means could you please explain your appearance to us, by chance? i said ""i'm premature ejaculation; i just came in my pants.""",0.0357,0,0.9643,image,0.954,False,-0.1797,0.17970000000000008
31920,"if a rabbi got into a fight, how would he defend himself? he would use jew jitsu!",0.6119,1,0.6119,image,0.5041,"if a rabbi got into a fight, how would he defend himself? he would use jew jitsu!",0.2296,0,0.7704,image,0.8164,True,-0.3823,0.15849999999999997
31985,when your dad comes to career day and starts handing out mixtapes,0.0028,0,0.9972,image,0.5041,when your dad comes to career day and starts handing out mixtapes,0.0053,0,0.9947,image,0.8507,False,0.0025,-0.0024999999999999467
32067,did you learn about the crusades in your history class?,0.0023,0,0.9977,image,0.5041,did you learn about the crusades in your history class?,0.0025,0,0.9975,image,0.9565,False,0.0002000000000000001,-0.00019999999999997797
32410,looking for the hoes everyone claims i have,0.0067,0,0.9933,image,0.5041,looking for the hoes everyone claims i have,0.0069,0,0.9931,image,0.9468,False,0.00019999999999999966,-0.00019999999999997797
32451,when she asked for equal rights so i gave her equal left,0.9363,1,0.9363,image,0.5041,when she asked for equal rights so i gave her equal left,0.8726,1,0.8726,image,0.7038,False,-0.06369999999999998,-0.06369999999999998
32560,how black women fight crime,0.0246,0,0.9754,image,0.5041,how black women fight crime,0.3306,0,0.6694,image,0.9088,False,0.306,-0.30600000000000005
32564,a fiery blasts rocks the world trade center after being hit by two planes,0.0037,0,0.9963,image,0.5041,a fiery blasts rocks the world trade center after being hit by two planes,0.0024,0,0.9976,image,0.8998,False,-0.0013000000000000004,0.0013000000000000789
32605,the first annual mohammed-a-thon,0.2663,0,0.7337,image,0.5041,the first annual mohammed-a-thon,0.2354,0,0.7646,image,0.8084,False,-0.030899999999999983,0.030899999999999928
32789,how dark are my memes? well they.,0.9807,1,0.9807,image,0.5041,how dark are my memes? well they.,0.9694,1,0.9694,text,0.4084,False,-0.011299999999999977,-0.011299999999999977
32907,organic vegetable,0.4216,0,0.5784,image,0.5041,organic vegetable,0.1628,0,0.8372,image,0.5965,False,-0.2588,0.25880000000000003
32960,when your dad comes to career day but forgets to bring your happy meal,0.012,0,0.988,image,0.5041,when your dad comes to career day but forgets to bring your happy meal,0.0144,0,0.9856,image,0.7694,False,0.0023999999999999994,-0.0023999999999999577
32965,good friday? more like great friday. amirite?,0.0028,0,0.9972,image,0.5041,good friday? more like great friday. amirite?,0.0043,0,0.9957,image,0.919,False,0.0015,-0.0014999999999999458
34067,international day against violence,0.0027,0,0.9973,image,0.5041,international day against violence,0.0031,0,0.9969,image,0.8687,False,0.00039999999999999975,-0.00039999999999995595
34127,that feeling when you win a fifa game after being 3 goals behind,0.0131,0,0.9869,image,0.5041,that feeling when you win a fifa game after being 3 goals behind,0.0527,0,0.9473,image,0.861,False,0.039599999999999996,-0.03959999999999997
34170,how to spot a criminal,0.3662,0,0.6338,image,0.5041,how to spot a criminal,0.1787,0,0.8213,image,0.7708,False,-0.18750000000000003,0.1875
34215,i hired a clown for my birthday celebration,0.0108,0,0.9892,image,0.5041,i hired a clown for my birthday celebration,0.0435,0,0.9565,image,0.7253,False,0.03269999999999999,-0.03269999999999995
34291,"if they aren't lazy, then why doesn't kfc have a breakfast menu",0.0042,0,0.9958,image,0.5041,"if they aren't lazy, then why doesn't kfc have a breakfast menu",0.0134,0,0.9866,image,0.9288,False,0.0092,-0.009199999999999986
34297,feeling cute. might kill 6 million later...idk,0.0367,0,0.9633,image,0.5041,feeling cute. might kill 6 million later...idk,0.1535,0,0.8465,image,0.7532,False,0.11679999999999999,-0.11680000000000001
34602,error,0.0055,0,0.9945,image,0.5041,error,0.004,0,0.996,image,0.8969,False,-0.0014999999999999996,0.0014999999999999458
34678,i hate it when white people throw gang signs thinking they're black and shit,0.9931,1,0.9931,image,0.5041,i hate it when white people throw gang signs thinking they're black and shit,0.9665,1,0.9665,image,0.5769,False,-0.026599999999999957,-0.026599999999999957
34708,nowadays chicks feel like showing skin is a sign of confidence but in reality its a form of insecurity because they have nothing else to offer other than sexuality,0.1416,0,0.8584,image,0.5041,nowadays chicks feel like showing skin is a sign of confidence but in reality its a form of insecurity because they have nothing else to offer other than sexuality,0.0323,0,0.9677,image,0.8626,False,-0.10930000000000001,0.10929999999999995
34870,spot the difference,0.5841,1,0.5841,image,0.5041,spot the difference,0.4546,0,0.5454,text,0.4199,True,-0.12949999999999995,-0.03869999999999996
34950,this has no place on american soil,0.8816,1,0.8816,image,0.5041,this has no place on american soil,0.9464,1,0.9464,text,0.4908,False,0.06479999999999997,0.06479999999999997
35107,hardworking and practice is path to success in female sport,0.0035,0,0.9965,image,0.5041,hardworking and practice is path to success in female sport,0.0131,0,0.9869,image,0.9517,False,0.009600000000000001,-0.009600000000000053
35146,dey call me wong sum ting wong,0.8397,1,0.8397,image,0.5041,dey call me wong sum ting wong,0.2166,0,0.7834,image,0.7992,True,-0.6231,-0.05630000000000002
35186,i am ready for the interview,0.0022,0,0.9978,image,0.5041,i am ready for the interview,0.0053,0,0.9947,image,0.8813,False,0.0031,-0.0030999999999999917
35198,organic vegetable,0.56,1,0.56,image,0.5041,organic vegetable,0.4039,0,0.5961,image,0.9259,True,-0.15610000000000007,0.03609999999999991
35210,my face when i play hearts of iron 4,0.0427,0,0.9573,image,0.5041,my face when i play hearts of iron 4,0.0155,0,0.9845,image,0.8281,False,-0.027200000000000002,0.027200000000000002
35249,how you look when youre black and you celebrate the 4th of july,0.1089,0,0.8911,image,0.5041,how you look when youre black and you celebrate the 4th of july,0.3698,0,0.6302,image,0.659,False,0.2609,-0.2609
35279,when you convert your dishwasher into a weed eater,0.3322,0,0.6678,image,0.5041,when you convert your dishwasher into a weed eater,0.3133,0,0.6867,image,0.6414,False,-0.018899999999999972,0.018900000000000028
35687,the most terrifying pirate :),0.0034,0,0.9966,image,0.5041,the most terrifying pirate :),0.007,0,0.993,image,0.8907,False,0.0036000000000000003,-0.0036000000000000476
35689,i was there when the bomb exploded,0.0008,0,0.9992,image,0.5041,i was there when the bomb exploded,0.0013,0,0.9987,image,0.9516,False,0.0004999999999999999,-0.0004999999999999449
35796,i hate it when white people throw gang signs thinking they're black and shit,0.996,1,0.996,image,0.5041,i hate it when white people throw gang signs thinking they're black and shit,0.989,1,0.989,text,0.4368,False,-0.007000000000000006,-0.007000000000000006
35870,monkey face monkey attitude,0.9665,1,0.9665,image,0.5041,monkey face monkey attitude,0.9301,1,0.9301,image,0.6156,False,-0.03639999999999999,-0.03639999999999999
36029,stupid neighbours woke me up,0.0481,0,0.9519,image,0.5041,stupid neighbours woke me up,0.0522,0,0.9478,image,0.7518,False,0.004100000000000006,-0.0040999999999999925
36128,today we're making vegetable soup! the most disturbing thing i've seen all day... -flyboy,0.0033,0,0.9967,image,0.5041,today we're making vegetable soup! the most disturbing thing i've seen all day... -flyboy,0.0094,0,0.9906,image,0.9452,False,0.0061,-0.006099999999999994
36184,"what did i do, i am so angry at myself",0.0052,0,0.9948,image,0.5041,"what did i do, i am so angry at myself",0.0081,0,0.9919,image,0.8727,False,0.0029,-0.0029000000000000137
36418,"well, i guess we'll.. beheading home now",0.917,1,0.917,image,0.5041,"well, i guess we'll.. beheading home now",0.9273,1,0.9273,text,0.4681,False,0.010299999999999976,0.010299999999999976
36421,freakin white people... so annoying.,0.0671,0,0.9329,image,0.5041,freakin white people... so annoying.,0.1098,0,0.8902,image,0.6543,False,0.04269999999999999,-0.04269999999999996
36458,anyone else hate how hard these spot the difference pictures are getting?,0.1091,0,0.8909,image,0.5041,anyone else hate how hard these spot the difference pictures are getting?,0.0538,0,0.9462,image,0.8204,False,-0.0553,0.055300000000000016
36521,the face you make when one of those damn apes cancels your show,0.194,0,0.806,image,0.5041,the face you make when one of those damn apes cancels your show,0.9676,1,0.9676,image,0.9348,True,0.7736000000000001,0.16159999999999997
36729,when your little bomber brings home his first girlfriend,0.3836,0,0.6164,image,0.5041,when your little bomber brings home his first girlfriend,0.3564,0,0.6436,image,0.6296,False,-0.027200000000000002,0.027200000000000002
36805,"look at the plane, *was it's your uncle samir",0.9612,1,0.9612,image,0.5041,"look at the plane, *was it's your uncle samir",0.6204,1,0.6204,image,0.6637,False,-0.3408000000000001,-0.3408000000000001
36810,crazy bitches be like.. who the fuck is amber alert?,0.0169,0,0.9831,image,0.5041,crazy bitches be like.. who the fuck is amber alert?,0.4796,0,0.5204,image,0.9226,False,0.4627,-0.4627
36920,i love the poorly educated wish granted,0.002,0,0.998,image,0.5041,i love the poorly educated wish granted,0.0027,0,0.9973,image,0.935,False,0.0007000000000000001,-0.0007000000000000339
37092,mentally retarded teenagers with stuffed animals they made,0.9778,1,0.9778,image,0.5041,mentally retarded teenagers with stuffed animals they made,0.5198,1,0.5198,image,0.7151,False,-0.45799999999999996,-0.45799999999999996
37145,when you finally give in and agree with you'll spend time with her parents,0.0108,0,0.9892,image,0.5041,when you finally give in and agree with you'll spend time with her parents,0.0056,0,0.9944,image,0.8922,False,-0.005200000000000001,0.005199999999999982
37289,hitler be like i deserve to be in heaven i knew it,0.042,0,0.958,image,0.5041,hitler be like i deserve to be in heaven i knew it,0.9502,1,0.9502,image,0.8501,True,0.9082,-0.007799999999999918
37405,introducing fidget spinner for women,0.9782,1,0.9782,image,0.5041,introducing fidget spinner for women,0.8579,1,0.8579,image,0.8441,False,-0.12029999999999996,-0.12029999999999996
37620,do i have something in my teeth?,0.004,0,0.996,image,0.5041,do i have something in my teeth?,0.0042,0,0.9958,image,0.927,False,0.00019999999999999966,-0.00019999999999997797
37845,having a disability is only playing life in hard mode,0.003,0,0.997,image,0.5041,having a disability is only playing life in hard mode,0.0107,0,0.9893,image,0.9145,False,0.007699999999999999,-0.00770000000000004
37951,this is a bane on our society report it when you see it,0.0725,0,0.9275,image,0.5041,this is a bane on our society report it when you see it,0.1137,0,0.8863,image,0.8327,False,0.0412,-0.041200000000000014
38045,i am not racist some of my best slaves are black,0.4632,0,0.5368,image,0.5041,i am not racist some of my best slaves are black,0.2477,0,0.7523,image,0.8446,False,-0.2155,0.2154999999999999
38054,it's time we make peace with islam,0.2181,0,0.7819,image,0.5041,it's time we make peace with islam,0.4827,0,0.5173,image,0.884,False,0.26460000000000006,-0.26460000000000006
38159,rare picture of a dishwasher at birth,0.1746,0,0.8254,image,0.5041,rare picture of a dishwasher at birth,0.0233,0,0.9767,image,0.8477,False,-0.1513,0.1513
38401,"the islamic sacred book, believed to be the word of god as dictated to muhammad",0.6364,1,0.6364,image,0.5041,"the islamic sacred book, believed to be the word of god as dictated to muhammad",0.1643,0,0.8357,image,0.8658,True,-0.47209999999999996,0.19930000000000003
38496,romanians when they see a slightly open purse/pocket/window,0.1629,0,0.8371,image,0.5041,romanians when they see a slightly open purse/pocket/window,0.2083,0,0.7917,image,0.9305,False,0.045400000000000024,-0.045399999999999996
38674,blacks are musical they always love a good beat,0.0308,0,0.9692,image,0.5041,blacks are musical they always love a good beat,0.0755,0,0.9245,image,0.8887,False,0.0447,-0.04469999999999996
38701,"knock, knock who's there not this bitch ( obviously )",0.526,1,0.526,image,0.5041,"knock, knock who's there not this bitch ( obviously )",0.5174,1,0.5174,image,0.8553,False,-0.008600000000000052,-0.008600000000000052
38754,'slavery reparations' has there ever been a more blatant attempt to buy the 'black' vote?,0.9928,1,0.9928,image,0.5041,'slavery reparations' has there ever been a more blatant attempt to buy the 'black' vote?,0.9913,1,0.9913,image,0.5733,False,-0.0015000000000000568,-0.0015000000000000568
38764,there's only one race the human race and that thing on the right? that's a monkey in human clothes,0.9774,1,0.9774,image,0.5041,there's only one race the human race and that thing on the right? that's a monkey in human clothes,0.7683,1,0.7683,image,0.7864,False,-0.20910000000000006,-0.20910000000000006
38765,wtf is with this guide dog? i keep ending up at kfc,0.1423,0,0.8577,image,0.5041,wtf is with this guide dog? i keep ending up at kfc,0.6453,1,0.6453,image,0.8401,True,0.503,-0.21240000000000003
39061,"""farming simulator 19 classic equipment dlc""",0.2601,0,0.7399,image,0.5041,"""farming simulator 19 classic equipment dlc""",0.948,1,0.948,text,0.4209,True,0.6879,0.20809999999999995
39182,there use to be a shelter here,0.0023,0,0.9977,image,0.5041,there use to be a shelter here,0.0036,0,0.9964,image,0.9464,False,0.0013,-0.0013000000000000789
39206,great financial news for me this morning. no longer have to send $16 a month to that african kid,0.8739,1,0.8739,image,0.5041,great financial news for me this morning. no longer have to send $16 a month to that african kid,0.2225,0,0.7775,image,0.7345,True,-0.6514,-0.09640000000000004
39241,i don't always masturbate on my own but when i do i like to slap away my hand and play hard to get,0.0009,0,0.9991,image,0.5041,i don't always masturbate on my own but when i do i like to slap away my hand and play hard to get,0.0018,0,0.9982,image,0.9575,False,0.0009,-0.0009000000000000119
39247,you know that we are better than any other race,0.0044,0,0.9956,image,0.5041,you know that we are better than any other race,0.0614,0,0.9386,image,0.9537,False,0.057,-0.05700000000000005
39405,"you call that a killing, ahmed? this is a killing!",0.0876,0,0.9124,image,0.5041,"you call that a killing, ahmed? this is a killing!",0.2235,0,0.7765,image,0.9329,False,0.13590000000000002,-0.13590000000000002
39425,when dad keeps banging the goat instead of you,0.0036,0,0.9964,image,0.5041,when dad keeps banging the goat instead of you,0.009,0,0.991,image,0.9478,False,0.005399999999999999,-0.00539999999999996
39527,true organic love,0.0058,0,0.9942,image,0.5041,true organic love,0.0032,0,0.9968,image,0.9533,False,-0.0025999999999999994,0.0026000000000000467
39564,"him: have you seen my cat lately? her: nope, have you seen your dad lately?",0.9915,1,0.9915,image,0.5041,"him: have you seen my cat lately? her: nope, have you seen your dad lately?",0.9555,1,0.9555,image,0.6403,False,-0.03600000000000003,-0.03600000000000003
39580,please stop calling your ancestors slaves. they were honorable nobles held as prisoners of war and those psychopathic crimnals weren't masters,0.9911,1,0.9911,image,0.5041,please stop calling your ancestors slaves. they were honorable nobles held as prisoners of war and those psychopathic crimnals weren't masters,0.9763,1,0.9763,image,0.719,False,-0.014800000000000035,-0.014800000000000035
39658,"hey trump, since they don't want a wall let's build a 24/7 firing range and mine field",0.0068,0,0.9932,image,0.5041,"hey trump, since they don't want a wall let's build a 24/7 firing range and mine field",0.0104,0,0.9896,image,0.9498,False,0.0036,-0.0035999999999999366
39725,if you hold it up to your ear you can hear police sirens,0.1327,0,0.8673,image,0.5041,if you hold it up to your ear you can hear police sirens,0.0595,0,0.9405,image,0.8785,False,-0.07320000000000002,0.07320000000000004
39726,excuse me.... i think you're doing it wrong,0.0706,0,0.9294,image,0.5041,excuse me.... i think you're doing it wrong,0.2815,0,0.7185,image,0.8637,False,0.21089999999999998,-0.21089999999999998
39867,stop illegal immigrants they're taking the land we stole,0.9412,1,0.9412,image,0.5041,stop illegal immigrants they're taking the land we stole,0.4696,0,0.5304,text,0.4528,True,-0.4716,-0.41080000000000005
40127,the original derp face,0.0157,0,0.9843,image,0.5041,the original derp face,0.0117,0,0.9883,image,0.909,False,-0.003999999999999998,0.0040000000000000036
40218,some habits are hard to stop,0.0031,0,0.9969,image,0.5041,some habits are hard to stop,0.0023,0,0.9977,image,0.9495,False,-0.0007999999999999999,0.0008000000000000229
40256,book of satan written by psychopaths,0.9656,1,0.9656,image,0.5041,book of satan written by psychopaths,0.9586,1,0.9586,image,0.5827,False,-0.007000000000000006,-0.007000000000000006
40268,living proof that you can shoot a liberal in the head and not hit anything vital,0.0051,0,0.9949,image,0.5041,living proof that you can shoot a liberal in the head and not hit anything vital,0.016,0,0.984,image,0.9458,False,0.0109,-0.01090000000000002
40316,when dishwasher stops working take it back,0.5291,1,0.5291,image,0.5041,when dishwasher stops working take it back,0.5399,1,0.5399,image,0.7541,False,0.010800000000000032,0.010800000000000032
40572,one of the first prototypes of the atom bomb,0.0008,0,0.9992,image,0.5041,one of the first prototypes of the atom bomb,0.0018,0,0.9982,image,0.9492,False,0.001,-0.0010000000000000009
40578,this story touched my heart twins separated at birth find each other after 50 yrs,0.1322,0,0.8678,image,0.5041,this story touched my heart twins separated at birth find each other after 50 yrs,0.1261,0,0.8739,image,0.7867,False,-0.006100000000000022,0.006099999999999994
40681,having a child didn't ruin my life it saved my life,0.001,0,0.999,image,0.5041,having a child didn't ruin my life it saved my life,0.0015,0,0.9985,image,0.9488,False,0.0005,-0.0004999999999999449
40723,how to pick up a girl from auschwitz,0.301,0,0.699,image,0.5041,how to pick up a girl from auschwitz,0.4174,0,0.5826,image,0.9099,False,0.1164,-0.11639999999999995
40728,i got 99 problems and chromosomes,0.9767,1,0.9767,image,0.5041,i got 99 problems and chromosomes,0.9864,1,0.9864,text,0.3653,False,0.009700000000000042,0.009700000000000042
40731,illegal immigration the cowboy way we'll know them if they try to come back in!,0.3929,0,0.6071,image,0.5041,illegal immigration the cowboy way we'll know them if they try to come back in!,0.6962,1,0.6962,image,0.9189,True,0.3033,0.08910000000000007
40735,what do i do when my dishwasher stops? i should get back to scrubbing,0.6938,1,0.6938,image,0.5041,what do i do when my dishwasher stops? i should get back to scrubbing,0.0946,0,0.9054,image,0.9515,True,-0.5992,0.2116
40829,i don't let my vitiligo get me down,0.0018,0,0.9982,image,0.5041,i don't let my vitiligo get me down,0.0025,0,0.9975,image,0.9324,False,0.0007000000000000001,-0.0006999999999999229
40856,hey! stop picking on him! f*ggots are people too!,0.0019,0,0.9981,image,0.5041,hey! stop picking on him! f*ggots are people too!,0.0067,0,0.9933,image,0.96,False,0.0048000000000000004,-0.0048000000000000265
40862,so liberating for us to finally be able to be ourselves,0.0097,0,0.9903,image,0.5041,so liberating for us to finally be able to be ourselves,0.0082,0,0.9918,image,0.9259,False,-0.0014999999999999996,0.0015000000000000568
41250,this movie sucks i should have gone to the other one,0.0068,0,0.9932,image,0.5041,this movie sucks i should have gone to the other one,0.01,0,0.99,image,0.9506,False,0.0032000000000000006,-0.0031999999999999806
41370,"hi, i'm rashida tlaib and i'm what's wrong with the country",0.0063,0,0.9937,image,0.5041,"hi, i'm rashida tlaib and i'm what's wrong with the country",0.0083,0,0.9917,image,0.8998,False,0.002,-0.0020000000000000018
41527,we protest for our rights !,0.0087,0,0.9913,image,0.5041,we protest for our rights !,0.0403,0,0.9597,image,0.6406,False,0.0316,-0.03159999999999996
41602,ever wondered why atheists are so stupid? because not believing in something does not require a single brain cell,0.9859,1,0.9859,image,0.5041,ever wondered why atheists are so stupid? because not believing in something does not require a single brain cell,0.9884,1,0.9884,image,0.7589,False,0.0024999999999999467,0.0024999999999999467
41657,"junkies be like... naw bro, i'm clean....i take suboxone",0.0023,0,0.9977,image,0.5041,"junkies be like... naw bro, i'm clean....i take suboxone",0.0052,0,0.9948,image,0.9275,False,0.0029,-0.0029000000000000137
41692,"when you fart next to the jewish kid, and realize you just gassed the jews",0.997,1,0.997,image,0.5041,"when you fart next to the jewish kid, and realize you just gassed the jews",0.9962,1,0.9962,image,0.7679,False,-0.0008000000000000229,-0.0008000000000000229
41896,me convincing homophobes that i'm just like them and not a sexually deviant pervert,0.9855,1,0.9855,image,0.5041,me convincing homophobes that i'm just like them and not a sexually deviant pervert,0.7684,1,0.7684,image,0.6998,False,-0.21710000000000007,-0.21710000000000007
42036,over heard my daughter telling her friend she was curious what it would be like to date a black guy so ... i showed her!,0.9696,1,0.9696,image,0.5041,over heard my daughter telling her friend she was curious what it would be like to date a black guy so ... i showed her!,0.9912,1,0.9912,image,0.8387,False,0.021599999999999953,0.021599999999999953
42083,when you call the avengers and they send the one from wakanda,0.0081,0,0.9919,image,0.5041,when you call the avengers and they send the one from wakanda,0.0284,0,0.9716,image,0.9491,False,0.020300000000000002,-0.020299999999999985
42169,i just found out that my father; a lifelong staunch republican is voting for the democrats......... he would have never done that when he was alive,0.0028,0,0.9972,image,0.5041,i just found out that my father; a lifelong staunch republican is voting for the democrats......... he would have never done that when he was alive,0.0032,0,0.9968,image,0.949,False,0.0004000000000000002,-0.00039999999999995595
42189,who let the monkeys out?! we don't know,0.3837,0,0.6163,image,0.5041,who let the monkeys out?! we don't know,0.0492,0,0.9508,image,0.7021,False,-0.33449999999999996,0.3345
42308,don't be racist black and white children are the same,0.02,0,0.98,image,0.5041,don't be racist black and white children are the same,0.0444,0,0.9556,image,0.8848,False,0.0244,-0.024399999999999977
42351,we are not here to be part of america we are here to take over america,0.6978,1,0.6978,image,0.5041,we are not here to be part of america we are here to take over america,0.3478,0,0.6522,text,0.4188,True,-0.35,-0.045599999999999974
42507,some habits are hard to stop,0.1171,0,0.8829,image,0.5041,some habits are hard to stop,0.1319,0,0.8681,image,0.5735,False,0.014799999999999994,-0.014800000000000035
42589,had to load these by hand today felt like a syrian guy looking for his wife,0.0413,0,0.9587,image,0.5041,had to load these by hand today felt like a syrian guy looking for his wife,0.0299,0,0.9701,image,0.899,False,-0.011400000000000004,0.011399999999999966
42615,islamic prayers answered,0.0135,0,0.9865,image,0.5041,islamic prayers answered,0.0159,0,0.9841,image,0.9231,False,0.002400000000000001,-0.0024000000000000687
42635,interracial couple watching tv   and sleeping,0.0231,0,0.9769,image,0.5041,interracial couple watching tv   and sleeping,0.1009,0,0.8991,image,0.7715,False,0.07780000000000001,-0.07779999999999998
42681,"when you smoke, that's the amount of ash that fills your lungs stop smoking, stop cancer",0.0015,0,0.9985,image,0.5041,"when you smoke, that's the amount of ash that fills your lungs stop smoking, stop cancer",0.0029,0,0.9971,image,0.8998,False,0.0013999999999999998,-0.0014000000000000679
42705,trust me.. ...they love the warm weather,0.0062,0,0.9938,image,0.5041,trust me.. ...they love the warm weather,0.0048,0,0.9952,image,0.9377,False,-0.0014000000000000002,0.0013999999999999568
42739,every white man dream,0.1909,0,0.8091,image,0.5041,every white man dream,0.2993,0,0.7007,image,0.8279,False,0.10840000000000002,-0.10840000000000005
42830,what if tornadoes are actually created secretly by the government to destroy these,0.0045,0,0.9955,image,0.5041,what if tornadoes are actually created secretly by the government to destroy these,0.0238,0,0.9762,image,0.904,False,0.0193,-0.019300000000000095
42850,keep it legal. keep it affordable !,0.006,0,0.994,image,0.5041,keep it legal. keep it affordable !,0.0184,0,0.9816,image,0.9265,False,0.0124,-0.012399999999999967
42936,dark humour is like a child with cancer it doesn't get old,0.02,0,0.98,image,0.5041,dark humour is like a child with cancer it doesn't get old,0.0111,0,0.9889,image,0.9163,False,-0.0089,0.008900000000000019
42958,if you wantto find out if you're gay poop in your hand and jack off,0.0334,0,0.9666,image,0.5041,if you wantto find out if you're gay poop in your hand and jack off,0.0123,0,0.9877,image,0.8806,False,-0.0211,0.021100000000000008
42975,when you're still fucked from last night's bender and sunglasses aren't gonna cut it,0.3063,0,0.6937,image,0.5041,when you're still fucked from last night's bender and sunglasses aren't gonna cut it,0.0347,0,0.9653,image,0.7718,False,-0.2716,0.27160000000000006
42986,"""this happens to 1/3 of women 2/3 aren't doing their job""",0.2984,0,0.7016,image,0.5041,"""this happens to 1/3 of women 2/3 aren't doing their job""",0.3781,0,0.6219,image,0.8206,False,0.0797,-0.0797
43127,"it's taekwondo, not taekwondon't",0.6842,1,0.6842,image,0.5041,"it's taekwondo, not taekwondon't",0.9287,1,0.9287,image,0.7625,False,0.24449999999999994,0.24449999999999994
43269,fighting them is nothing new. letting them come into our land and spread their disease is,0.3627,0,0.6373,image,0.5041,fighting them is nothing new. letting them come into our land and spread their disease is,0.0891,0,0.9109,image,0.9438,False,-0.2736,0.27360000000000007
43506,there's a reason they have children. they are pedophiles,0.0564,0,0.9436,image,0.5041,there's a reason they have children. they are pedophiles,0.2937,0,0.7063,image,0.6812,False,0.2373,-0.23729999999999996
43529,when your actively avoiding your responsibilities while trying to look busy,0.002,0,0.998,image,0.5041,when your actively avoiding your responsibilities while trying to look busy,0.0041,0,0.9959,image,0.8698,False,0.0021000000000000003,-0.0020999999999999908
43571,oh you want trump impeached? for what? the crime of making you cry?,0.0012,0,0.9988,image,0.5041,oh you want trump impeached? for what? the crime of making you cry?,0.0023,0,0.9977,image,0.9618,False,0.0011,-0.0010999999999999899
43697,"they don't know how to use condom, this is the only way to control their population",0.7203,1,0.7203,image,0.5041,"they don't know how to use condom, this is the only way to control their population",0.9464,1,0.9464,image,0.5942,False,0.22609999999999997,0.22609999999999997
43728,bruce jenner's cat,0.1808,0,0.8192,image,0.5041,bruce jenner's cat,0.1214,0,0.8786,image,0.9308,False,-0.059399999999999994,0.05940000000000001
43819,what's left of my opponents after our rap battle,0.0064,0,0.9936,image,0.5041,what's left of my opponents after our rap battle,0.0021,0,0.9979,image,0.9578,False,-0.0043,0.0042999999999999705
45031,they're not alllll rapists... right?,0.0285,0,0.9715,image,0.5041,they're not alllll rapists... right?,0.1497,0,0.8503,image,0.9459,False,0.1212,-0.12120000000000009
45093,when you're watching the #roots remake but you're in an interracial relationship,0.0053,0,0.9947,image,0.5041,when you're watching the #roots remake but you're in an interracial relationship,0.022,0,0.978,image,0.906,False,0.0167,-0.016700000000000048
45139,this is the worst cancer i've ever seen,0.1521,0,0.8479,image,0.5041,this is the worst cancer i've ever seen,0.0708,0,0.9292,image,0.7141,False,-0.08130000000000001,0.08130000000000004
45172,"109 countries, rabbi fuckhead wanna make it 110?",0.998,1,0.998,image,0.5041,"109 countries, rabbi fuckhead wanna make it 110?",0.9955,1,0.9955,image,0.5033,False,-0.0024999999999999467,-0.0024999999999999467
45176,she knows exactly what she's doing beware,0.4678,0,0.5322,image,0.5041,she knows exactly what she's doing beware,0.2309,0,0.7691,image,0.7102,False,-0.2369,0.2369
45263,asians be like switching to fullscreen mode,0.0607,0,0.9393,image,0.5041,asians be like switching to fullscreen mode,0.0911,0,0.9089,image,0.9031,False,0.030400000000000003,-0.030399999999999983
45269,who said i'm uneducated i have my master,0.9777,1,0.9777,image,0.5041,who said i'm uneducated i have my master,0.6982,1,0.6982,image,0.6861,False,-0.27949999999999997,-0.27949999999999997
45283,once you go black so does your face,0.0182,0,0.9818,image,0.5041,once you go black so does your face,0.0293,0,0.9707,image,0.9013,False,0.011099999999999999,-0.011099999999999999
45326,old albino gorilla,0.0051,0,0.9949,image,0.5041,old albino gorilla,0.008,0,0.992,image,0.9358,False,0.0029,-0.0029000000000000137
45610,a lot of men wearing a white shirt,0.5901,1,0.5901,image,0.5041,a lot of men wearing a white shirt,0.2323,0,0.7677,image,0.8854,True,-0.35779999999999995,0.1776000000000001
45792,the fucking dishwasher is acting up!,0.004,0,0.996,image,0.5041,the fucking dishwasher is acting up!,0.0154,0,0.9846,image,0.9526,False,0.0114,-0.011399999999999966
45827,show me the ape son,0.9694,1,0.9694,image,0.5041,show me the ape son,0.614,1,0.614,image,0.6415,False,-0.35540000000000005,-0.35540000000000005
45871,train therapy dogs to provide support to shy goats,0.0106,0,0.9894,image,0.5041,train therapy dogs to provide support to shy goats,0.0123,0,0.9877,image,0.9442,False,0.0017000000000000001,-0.0016999999999999238
45976,terrorism is one of the only areas where they do most of the work and none of them get the credit,0.0045,0,0.9955,image,0.5041,terrorism is one of the only areas where they do most of the work and none of them get the credit,0.0032,0,0.9968,image,0.9613,False,-0.0012999999999999995,0.0012999999999999678
46197,the newest member of hate group,0.0052,0,0.9948,image,0.5041,the newest member of hate group,0.0061,0,0.9939,image,0.9024,False,0.0009000000000000006,-0.0009000000000000119
46503,even i can see obama's a muslim,0.023,0,0.977,image,0.5041,even i can see obama's a muslim,0.0281,0,0.9719,image,0.8622,False,0.0051,-0.005099999999999993
46532,let's shake hands and forget about that colonialism stuff,0.0658,0,0.9342,image,0.5041,let's shake hands and forget about that colonialism stuff,0.2736,0,0.7264,image,0.6009,False,0.2078,-0.20779999999999998
46790,patty cake... patty cake butt hole... hand i got tourette's syndrome chicken... fucked ham,0.8731,1,0.8731,image,0.5041,patty cake... patty cake butt hole... hand i got tourette's syndrome chicken... fucked ham,0.4463,0,0.5537,image,0.8246,True,-0.4268,-0.3194
46810,"""great at making martinis terrible at stealing tambourines""",0.8539,1,0.8539,image,0.5041,"""great at making martinis terrible at stealing tambourines""",0.9405,1,0.9405,image,0.9273,False,0.08660000000000001,0.08660000000000001
46815,book of satan written by psychopaths,0.2111,0,0.7889,image,0.5041,book of satan written by psychopaths,0.094,0,0.906,image,0.8984,False,-0.11710000000000001,0.11709999999999998
47180,and that's why i gas people,0.8733,1,0.8733,image,0.5041,and that's why i gas people,0.6365,1,0.6365,image,0.525,False,-0.2368,-0.2368
47265,andy's coming,0.0165,0,0.9835,image,0.5041,andy's coming,0.0331,0,0.9669,image,0.84,False,0.016599999999999997,-0.01660000000000006
47532,turning every country it touches into a shithole,0.094,0,0.906,image,0.5041,turning every country it touches into a shithole,0.081,0,0.919,image,0.882,False,-0.012999999999999998,0.013000000000000012
47680,"spiders are like him not all of them are dangerous but since they all look the same to me, i don't want any of them in my house",0.9655,1,0.9655,image,0.5041,"spiders are like him not all of them are dangerous but since they all look the same to me, i don't want any of them in my house",0.4953,0,0.5047,image,0.8848,True,-0.4702,-0.4608
47692,today feels like a kinda day where i just wanna freak people out,0.002,0,0.998,image,0.5041,today feels like a kinda day where i just wanna freak people out,0.0038,0,0.9962,image,0.9455,False,0.0018,-0.0018000000000000238
47693,when your dad passes the family school shooting gun down to you,0.0082,0,0.9918,image,0.5041,when your dad passes the family school shooting gun down to you,0.0248,0,0.9752,image,0.952,False,0.016599999999999997,-0.01660000000000006
47829,when you found your wife is cheating on you ya allah,0.9589,1,0.9589,image,0.5041,when you found your wife is cheating on you ya allah,0.9515,1,0.9515,image,0.7524,False,-0.007399999999999962,-0.007399999999999962
47831,"what is that wonderful smell? it smells like.... caramel! oh, today we burnt the diabetics",0.0055,0,0.9945,image,0.5041,"what is that wonderful smell? it smells like.... caramel! oh, today we burnt the diabetics",0.0098,0,0.9902,image,0.9519,False,0.0043,-0.0043000000000000815
47863,he won because he is a boy competing in a female sport,0.1442,0,0.8558,image,0.5041,he won because he is a boy competing in a female sport,0.7988,1,0.7988,image,0.8507,True,0.6546,-0.05700000000000005
47903,muslim wife wearing sexy lingerie for her husband,0.9592,1,0.9592,image,0.5041,muslim wife wearing sexy lingerie for her husband,0.9884,1,0.9884,image,0.8407,False,0.029199999999999893,0.029199999999999893
47931,african girls portrait without burka,0.0205,0,0.9795,image,0.5041,african girls portrait without burka,0.0248,0,0.9752,image,0.8556,False,0.004299999999999998,-0.0043000000000000815
48059,white cave beast evolved from moneys,0.9108,1,0.9108,image,0.5041,white cave beast evolved from moneys,0.2675,0,0.7325,image,0.6151,True,-0.6433,-0.17830000000000001
48123,the only cure for islam,0.9289,1,0.9289,image,0.5041,the only cure for islam,0.1964,0,0.8036,image,0.877,True,-0.7324999999999999,-0.12529999999999997
48132,black friday deal buy one get one free toaster,0.0347,0,0.9653,image,0.5041,black friday deal buy one get one free toaster,0.0577,0,0.9423,image,0.911,False,0.023,-0.02300000000000002
48315,"they're in a relationship, who makes the sandwiches?",0.9386,1,0.9386,image,0.5041,"they're in a relationship, who makes the sandwiches?",0.8995,1,0.8995,image,0.7447,False,-0.039100000000000024,-0.039100000000000024
48326,like i said. i'm an aries!,0.0178,0,0.9822,image,0.5041,like i said. i'm an aries!,0.0097,0,0.9903,image,0.8557,False,-0.0081,0.008099999999999996
48356,they are the biggest terrorists in the history of the world. we have entire history of books showing this data,0.0043,0,0.9957,image,0.5041,they are the biggest terrorists in the history of the world. we have entire history of books showing this data,0.0189,0,0.9811,image,0.9386,False,0.0146,-0.014600000000000057
48379,there's so much crap in this the fda wants to put it into a vaccine,0.0043,0,0.9957,image,0.5041,there's so much crap in this the fda wants to put it into a vaccine,0.0046,0,0.9954,image,0.8859,False,0.0002999999999999999,-0.000300000000000078
48523,i like cooking and playing piano,0.0271,0,0.9729,image,0.5041,i like cooking and playing piano,0.0457,0,0.9543,image,0.8353,False,0.0186,-0.01859999999999995
48539,"the woman you met who admits she's wrong, apologizes and changes her ways",0.6949,1,0.6949,image,0.5041,"the woman you met who admits she's wrong, apologizes and changes her ways",0.9467,1,0.9467,image,0.8575,False,0.2518,0.2518
48570,"""my name is osama bin laden and this is jackass""",0.8933,1,0.8933,image,0.5041,"""my name is osama bin laden and this is jackass""",0.7959,1,0.7959,image,0.7501,False,-0.09739999999999993,-0.09739999999999993
48652,we can end racism if we end a race,0.0526,0,0.9474,image,0.5041,we can end racism if we end a race,0.0814,0,0.9186,image,0.8245,False,0.0288,-0.028800000000000048
48735,when your parents ask why the gas bill is so high,0.0016,0,0.9984,image,0.5041,when your parents ask why the gas bill is so high,0.0027,0,0.9973,image,0.9439,False,0.0011,-0.0010999999999999899
48916,"well, i guess we'll.. just head home now",0.1875,0,0.8125,image,0.5041,"well, i guess we'll.. just head home now",0.7845,1,0.7845,text,0.4111,True,0.597,-0.028000000000000025
48956,he won because he is a boy competing in a female sport,0.0184,0,0.9816,image,0.5041,he won because he is a boy competing in a female sport,0.404,0,0.596,image,0.9468,False,0.38560000000000005,-0.38560000000000005
49023,"african american leaders organizing the la riots april 29, 1992",0.0017,0,0.9983,image,0.5041,"african american leaders organizing the la riots april 29, 1992",0.0018,0,0.9982,image,0.9625,False,0.00010000000000000005,-9.999999999998899e-05
49176,"if fear of divine judgement is the only thing keeping you ""moral"" at best, you're just a dangerous psychopath on a leash",0.2437,0,0.7563,image,0.5041,"if fear of divine judgement is the only thing keeping you ""moral"" at best, you're just a dangerous psychopath on a leash",0.0248,0,0.9752,image,0.9513,False,-0.2189,0.21889999999999998
49201,3.8 billion of them on earth. why isn't it clean yet?,0.763,1,0.763,image,0.5041,3.8 billion of them on earth. why isn't it clean yet?,0.1033,0,0.8967,image,0.6767,True,-0.6597,0.13370000000000004
49215,waiting for fb parole like ok no more goat fucker jokes,0.9675,1,0.9675,image,0.5041,waiting for fb parole like ok no more goat fucker jokes,0.971,1,0.971,image,0.7386,False,0.0034999999999999476,0.0034999999999999476
49267,ahmed? im hungry!!!,0.9798,1,0.9798,image,0.5041,ahmed? im hungry!!!,0.9821,1,0.9821,image,0.6338,False,0.0022999999999999687,0.0022999999999999687
49372,who ya gonna call? goat fuckers,0.0282,0,0.9718,image,0.5041,who ya gonna call? goat fuckers,0.5776,1,0.5776,image,0.7927,True,0.5494,-0.3942
49531,the culture of silence allows sexual harassment in the workplace to continue,0.0051,0,0.9949,image,0.5041,the culture of silence allows sexual harassment in the workplace to continue,0.0071,0,0.9929,image,0.8583,False,0.002,-0.0020000000000000018
49673,oh man they're heavy. take the picture already,0.0025,0,0.9975,image,0.5041,oh man they're heavy. take the picture already,0.0075,0,0.9925,image,0.9445,False,0.004999999999999999,-0.0050000000000000044
50126,"im jared, and fuck tyrone im here to fuck his kids, footlong style",0.9789,1,0.9789,image,0.5041,"im jared, and fuck tyrone im here to fuck his kids, footlong style",0.9867,1,0.9867,image,0.773,False,0.007800000000000029,0.007800000000000029
50162,"roses are black, violets are black everything is black, i can't see",0.9827,1,0.9827,image,0.5041,"roses are black, violets are black everything is black, i can't see",0.9794,1,0.9794,text,0.447,False,-0.0032999999999999696,-0.0032999999999999696
50176,how do you get a jewish girls number? roll up her sleeve,0.9737,1,0.9737,image,0.5041,how do you get a jewish girls number? roll up her sleeve,0.4777,0,0.5223,image,0.7226,True,-0.496,-0.4514
50193,anyone who has seen a hippo yawn will have some idea how kim kardashiains gynecologist feels,0.0203,0,0.9797,image,0.5041,anyone who has seen a hippo yawn will have some idea how kim kardashiains gynecologist feels,0.0737,0,0.9263,image,0.9406,False,0.0534,-0.0534
50348,asians be like switching to fullscreen mode,0.526,1,0.526,image,0.5041,asians be like switching to fullscreen mode,0.6651,1,0.6651,image,0.8623,False,0.1391,0.1391
50483,how many guns are in there?,0.0061,0,0.9939,image,0.5041,how many guns are in there?,0.0088,0,0.9912,image,0.7955,False,0.0027,-0.0027000000000000357
50643,things i love to hunt,0.0035,0,0.9965,image,0.5041,things i love to hunt,0.0026,0,0.9974,image,0.9464,False,-0.0009000000000000002,0.0008999999999999009
50783,handjobs sold separately,0.9169,1,0.9169,image,0.5041,handjobs sold separately,0.9128,1,0.9128,image,0.8066,False,-0.0041000000000001036,-0.0041000000000001036
50839,"""you think i'm a terrorist but i identify as a firework""",0.443,0,0.557,image,0.5041,"""you think i'm a terrorist but i identify as a firework""",0.8201,1,0.8201,text,0.4888,True,0.37710000000000005,0.2631
50962,democrats standing up for illegals democrats standing up for americans,0.0013,0,0.9987,image,0.5041,democrats standing up for illegals democrats standing up for americans,0.0017,0,0.9983,image,0.9608,False,0.00039999999999999996,-0.00040000000000006697
51263,gay friends asked for directions told him to go straight,0.0201,0,0.9799,image,0.5041,gay friends asked for directions told him to go straight,0.0704,0,0.9296,image,0.8921,False,0.050300000000000004,-0.05030000000000001
51482,leave that one alone bill he's my weed man,0.0476,0,0.9524,image,0.5041,leave that one alone bill he's my weed man,0.0924,0,0.9076,image,0.7084,False,0.04479999999999999,-0.04480000000000006
51628,welcome to europe our government told us that and we should adopt their culture diversity makes us stronger,0.9728,1,0.9728,image,0.5041,welcome to europe our government told us that and we should adopt their culture diversity makes us stronger,0.9518,1,0.9518,image,0.6467,False,-0.02100000000000002,-0.02100000000000002
51697,you know you're from denver when... towards the mountains is an official direction,0.0018,0,0.9982,image,0.5041,you know you're from denver when... towards the mountains is an official direction,0.0028,0,0.9972,image,0.9527,False,0.001,-0.0010000000000000009
51863,hey grandma what are you doing ? im sewing a scarf for your trans brother ajay,0.9911,1,0.9911,image,0.5041,hey grandma what are you doing ? im sewing a scarf for your trans brother ajay,0.9891,1,0.9891,image,0.8247,False,-0.0020000000000000018,-0.0020000000000000018
51890,"""how we see muslims how muslims see us",0.9936,1,0.9936,image,0.5041,"""how we see muslims how muslims see us",0.9794,1,0.9794,image,0.8449,False,-0.01419999999999999,-0.01419999999999999
51924,fridays got me like ,0.0038,0,0.9962,image,0.5041,fridays got me like ,0.0048,0,0.9952,image,0.9333,False,0.0009999999999999996,-0.0010000000000000009
51928,i could have annihilated all of them but i left some of them alive so you will know why i was killing them,0.1644,0,0.8356,image,0.5041,i could have annihilated all of them but i left some of them alive so you will know why i was killing them,0.0672,0,0.9328,image,0.7459,False,-0.0972,0.09719999999999995
51968,kid with cancer: so when i get out of the hospital i'm going to join you? the avengers visiting him:,0.1193,0,0.8807,image,0.5041,kid with cancer: so when i get out of the hospital i'm going to join you? the avengers visiting him:,0.9316,1,0.9316,image,0.6157,True,0.8123,0.050899999999999945
52037,the first rule of book club is.. you do not talk about book club,0.0244,0,0.9756,image,0.5041,the first rule of book club is.. you do not talk about book club,0.3445,0,0.6555,image,0.8106,False,0.3201,-0.32010000000000005
52096,a truck hit him from behind,0.0485,0,0.9515,image,0.5041,a truck hit him from behind,0.0074,0,0.9926,image,0.8218,False,-0.0411,0.041100000000000025
52139,andy's coming!,0.0249,0,0.9751,image,0.5041,andy's coming!,0.0135,0,0.9865,image,0.9387,False,-0.011399999999999999,0.011400000000000077
52140,this steak is so black it asked me for a newport,0.9382,1,0.9382,image,0.5041,this steak is so black it asked me for a newport,0.9835,1,0.9835,image,0.9166,False,0.04530000000000001,0.04530000000000001
52401,"slutty girls are like walmarts everybody makes fun of them but, when you're inside one at 4am you think ""i'm glad these are here""",0.9439,1,0.9439,image,0.5041,"slutty girls are like walmarts everybody makes fun of them but, when you're inside one at 4am you think ""i'm glad these are here""",0.8578,1,0.8578,image,0.8816,False,-0.08609999999999995,-0.08609999999999995
52710,loading the dishwasher in the back solid move,0.62,1,0.62,image,0.5041,loading the dishwasher in the back solid move,0.1962,0,0.8038,image,0.9194,True,-0.42379999999999995,0.18379999999999996
52719,can you smell what the reich is cooking?,0.5266,1,0.5266,image,0.5041,can you smell what the reich is cooking?,0.8396,1,0.8396,image,0.6809,False,0.31300000000000006,0.31300000000000006
52839,me convincing homophobes that i'm just like them and not a sexually deviant pervert,0.0749,0,0.9251,image,0.5041,me convincing homophobes that i'm just like them and not a sexually deviant pervert,0.0435,0,0.9565,image,0.8818,False,-0.0314,0.031399999999999983
52847,sharing and caring,0.005,0,0.995,image,0.5041,sharing and caring,0.0021,0,0.9979,image,0.9304,False,-0.0029000000000000002,0.0029000000000000137
52971,that's a man baby!,0.0141,0,0.9859,image,0.5041,that's a man baby!,0.0352,0,0.9648,image,0.9402,False,0.0211,-0.021100000000000008
53214,if i had a gone i could convert this fruit to vegetable,0.0185,0,0.9815,image,0.5041,if i had a gone i could convert this fruit to vegetable,0.0068,0,0.9932,image,0.9389,False,-0.011699999999999999,0.011699999999999933
53419,do you know what happens after 6 tequila shots? .........nobody does,0.0039,0,0.9961,image,0.5041,do you know what happens after 6 tequila shots? .........nobody does,0.004,0,0.996,image,0.959,False,0.00010000000000000026,-9.999999999998899e-05
53426,"what's ""saggin""' spelled backwards? hint: they're pretty much the only people that sag!",0.9972,1,0.9972,image,0.5041,"what's ""saggin""' spelled backwards? hint: they're pretty much the only people that sag!",0.9889,1,0.9889,image,0.7061,False,-0.008299999999999974,-0.008299999999999974
53467,how you look when youre black and you celebrate the 4th of july,0.0282,0,0.9718,image,0.5041,how you look when youre black and you celebrate the 4th of july,0.083,0,0.917,image,0.6377,False,0.0548,-0.05479999999999996
53476,when you wanna delete google chrome but you accidentally delete your chromosome,0.9944,1,0.9944,image,0.5041,when you wanna delete google chrome but you accidentally delete your chromosome,0.9904,1,0.9904,text,0.3932,False,-0.0040000000000000036,-0.0040000000000000036
53814,my name is andrew mccabe and i just confessed to treason,0.0017,0,0.9983,image,0.5041,my name is andrew mccabe and i just confessed to treason,0.0015,0,0.9985,image,0.96,False,-0.00019999999999999987,0.000200000000000089
53942,"they are like manure spread them out and they help everything grow better, but keep them in one big pile and they stink horribly",0.2604,0,0.7396,image,0.5041,"they are like manure spread them out and they help everything grow better, but keep them in one big pile and they stink horribly",0.9729,1,0.9729,text,0.4619,True,0.7124999999999999,0.23329999999999995
53967,but you're on a diet when you have coke in the fridge,0.9813,1,0.9813,image,0.5041,but you're on a diet when you have coke in the fridge,0.9848,1,0.9848,text,0.4974,False,0.0035000000000000586,0.0035000000000000586
54093,when you call the avengers and they send the one from wakanda,0.0303,0,0.9697,image,0.5041,when you call the avengers and they send the one from wakanda,0.0538,0,0.9462,image,0.8538,False,0.0235,-0.023499999999999965
54098,when mom asks where all the jews went,0.9861,1,0.9861,image,0.5041,when mom asks where all the jews went,0.9244,1,0.9244,image,0.6883,False,-0.06169999999999998,-0.06169999999999998
54196,let's not be hasty. the worldview of the guys who created this grisly spectacle of mass-murder could be any number of- comedy aaaaaannnd it's these guys,0.9768,1,0.9768,image,0.5041,let's not be hasty. the worldview of the guys who created this grisly spectacle of mass-murder could be any number of- comedy aaaaaannnd it's these guys,0.9869,1,0.9869,image,0.6098,False,0.010099999999999998,0.010099999999999998
54321,laughs in [majority of u.s crime rate],0.794,1,0.794,image,0.5041,laughs in [majority of u.s crime rate],0.9201,1,0.9201,image,0.6369,False,0.1261,0.1261
54617,"girlfriends, let me tell you what i saw on amazon",0.0127,0,0.9873,image,0.5041,"girlfriends, let me tell you what i saw on amazon",0.2286,0,0.7714,image,0.7166,False,0.2159,-0.21589999999999998
54621,when i grew up i want to be a gas plumber,0.0386,0,0.9614,image,0.5041,when i grew up i want to be a gas plumber,0.0728,0,0.9272,image,0.8318,False,0.0342,-0.03420000000000001
54782,because even other planets need crime,0.0024,0,0.9976,image,0.5041,because even other planets need crime,0.003,0,0.997,image,0.9218,False,0.0006000000000000003,-0.0006000000000000449
54820,goes to the future doesn't warn marty about parkinson's,0.0558,0,0.9442,image,0.5041,goes to the future doesn't warn marty about parkinson's,0.383,0,0.617,image,0.8887,False,0.3272,-0.32720000000000005
54823,oops. broke the dishwasher again,0.9115,1,0.9115,image,0.5041,oops. broke the dishwasher again,0.9702,1,0.9702,image,0.901,False,0.058699999999999974,0.058699999999999974
54830,i told you don't heat fish in the microwave,0.9399,1,0.9399,image,0.5041,i told you don't heat fish in the microwave,0.9532,1,0.9532,image,0.9117,False,0.01330000000000009,0.01330000000000009
54920,so i guess a handjob is out of the question,0.0159,0,0.9841,image,0.5041,so i guess a handjob is out of the question,0.0209,0,0.9791,image,0.9274,False,0.0049999999999999975,-0.0050000000000000044
56184,go home stoned eyes give nothing away,0.0085,0,0.9915,image,0.5041,go home stoned eyes give nothing away,0.0324,0,0.9676,image,0.9296,False,0.023899999999999998,-0.023900000000000032
56280,little miss muffet sat on her tuffet,0.0103,0,0.9897,image,0.5041,little miss muffet sat on her tuffet,0.0642,0,0.9358,image,0.9281,False,0.05389999999999999,-0.05390000000000006
56291,why test drugs on intelligent animals when we have plenty of vegetables to spare?,0.0619,0,0.9381,image,0.5041,why test drugs on intelligent animals when we have plenty of vegetables to spare?,0.3403,0,0.6597,image,0.7299,False,0.2784,-0.2784000000000001
56294,she put on the purple lipstick and she became the bomb,0.0493,0,0.9507,image,0.5041,she put on the purple lipstick and she became the bomb,0.0564,0,0.9436,image,0.8751,False,0.007100000000000002,-0.007099999999999995
56327,shame on you america you said you would never forget,0.9257,1,0.9257,image,0.5041,shame on you america you said you would never forget,0.7654,1,0.7654,image,0.5107,False,-0.1603,-0.1603
56328,made rice krispies way before kellogg's,0.9478,1,0.9478,image,0.5041,made rice krispies way before kellogg's,0.4113,0,0.5887,image,0.9403,True,-0.5365,-0.3591
56409,when someone asks me how many chromosomes i have more than you,0.6132,1,0.6132,image,0.5041,when someone asks me how many chromosomes i have more than you,0.2451,0,0.7549,image,0.9029,True,-0.3681,0.14170000000000005
56430,"it's not the cards you're dealt, but how you play them such an inspiration",0.0115,0,0.9885,image,0.5041,"it's not the cards you're dealt, but how you play them such an inspiration",0.0265,0,0.9735,image,0.6799,False,0.015,-0.015000000000000013
56790,isis murders 140 people in paris 11. 13 2015 paris closes their borders donald trumps wall doesn't seem so stupid now does it?,0.9376,1,0.9376,image,0.5041,isis murders 140 people in paris 11. 13 2015 paris closes their borders donald trumps wall doesn't seem so stupid now does it?,0.8601,1,0.8601,image,0.8541,False,-0.07750000000000001,-0.07750000000000001
56908,"""life is like a box of chocolates."" it sucks if you have diabetes",0.0013,0,0.9987,image,0.5041,"""life is like a box of chocolates."" it sucks if you have diabetes",0.0033,0,0.9967,image,0.962,False,0.002,-0.0020000000000000018
57049,radical muslims are snakes. moderate muslims are the grass they hide in,0.9898,1,0.9898,image,0.5041,radical muslims are snakes. moderate muslims are the grass they hide in,0.9868,1,0.9868,image,0.623,False,-0.0030000000000000027,-0.0030000000000000027
57089,love knows no boundaries,0.0142,0,0.9858,image,0.5041,love knows no boundaries,0.0148,0,0.9852,image,0.8208,False,0.0005999999999999998,-0.0006000000000000449
57128,tag that one friend that does weird shit like this,0.0227,0,0.9773,image,0.5041,tag that one friend that does weird shit like this,0.0137,0,0.9863,image,0.884,False,-0.009000000000000001,0.009000000000000008
57169,mfw i pull up at the lights next to the person who sped past me,0.9879,1,0.9879,image,0.5041,mfw i pull up at the lights next to the person who sped past me,0.9824,1,0.9824,text,0.4931,False,-0.005499999999999949,-0.005499999999999949
57280,he said he'd do the dishes instead he just ate and slept,0.0094,0,0.9906,image,0.5041,he said he'd do the dishes instead he just ate and slept,0.0204,0,0.9796,image,0.944,False,0.011000000000000001,-0.01100000000000001
57286,"when your dad come back after 18 years saying ""damn that line at walmart aint no joke""",0.1003,0,0.8997,image,0.5041,"when your dad come back after 18 years saying ""damn that line at walmart aint no joke""",0.5093,1,0.5093,image,0.7372,True,0.409,-0.3904000000000001
57312,porn casting or terrorist recruitment? -yes i can blow,0.5542,1,0.5542,image,0.5041,porn casting or terrorist recruitment? -yes i can blow,0.5403,1,0.5403,image,0.6584,False,-0.013900000000000023,-0.013900000000000023
57389,i bought stevie wonder a cheese grater for christmas he said it was the most violent book he'd ever read,0.9974,1,0.9974,image,0.5041,i bought stevie wonder a cheese grater for christmas he said it was the most violent book he'd ever read,0.996,1,0.996,image,0.6668,False,-0.0013999999999999568,-0.0013999999999999568
57431,black friday deal buy one get one free toaster,0.9873,1,0.9873,image,0.5041,black friday deal buy one get one free toaster,0.9844,1,0.9844,text,0.4688,False,-0.0028999999999999027,-0.0028999999999999027
57649,these people are the pugs of humans,0.009,0,0.991,image,0.5041,these people are the pugs of humans,0.0123,0,0.9877,image,0.8668,False,0.003300000000000001,-0.0032999999999999696
57836,the first annual mohammed-a-thon,0.6561,1,0.6561,image,0.5041,the first annual mohammed-a-thon,0.3112,0,0.6888,image,0.8685,True,-0.34490000000000004,0.03269999999999995
57869,rape helping them have sex for generations,0.089,0,0.911,image,0.5041,rape helping them have sex for generations,0.3909,0,0.6091,image,0.855,False,0.30190000000000006,-0.30190000000000006
57890,he enemy within ilhan omar linda sarsour ocasio-corte tlaib rashida the trojan horse is no longer at the gates,0.0022,0,0.9978,image,0.5041,he enemy within ilhan omar linda sarsour ocasio-corte tlaib rashida the trojan horse is no longer at the gates,0.0027,0,0.9973,image,0.9075,False,0.0005,-0.000500000000000056
57908,wow. a muscle car am i supposed to be impressed by that?,0.058,0,0.942,image,0.5041,wow. a muscle car am i supposed to be impressed by that?,0.0501,0,0.9499,image,0.8827,False,-0.007900000000000004,0.007900000000000018
57921,because most of the time 5.56 just doesn't send the right message,0.0248,0,0.9752,image,0.5041,because most of the time 5.56 just doesn't send the right message,0.0735,0,0.9265,image,0.9442,False,0.04869999999999999,-0.048699999999999966
57932,modern japanese '' '',0.8831,1,0.8831,image,0.5041,modern japanese '' '',0.97,1,0.97,image,0.7864,False,0.08689999999999998,0.08689999999999998
58046,redneck murders are hard to solve there're no dental records and all of the dna is the same,0.029,0,0.971,image,0.5041,redneck murders are hard to solve there're no dental records and all of the dna is the same,0.1088,0,0.8912,image,0.9164,False,0.0798,-0.07979999999999998
58069,"him: have you seen my cat lately? her: nope, you should ask your father",0.9749,1,0.9749,image,0.5041,"him: have you seen my cat lately? her: nope, you should ask your father",0.9113,1,0.9113,image,0.6177,False,-0.06359999999999999,-0.06359999999999999
58079,"following the civil war, the ku klux klan emerges to suppress and victimize newly freed slaves",0.0245,0,0.9755,image,0.5041,"following the civil war, the ku klux klan emerges to suppress and victimize newly freed slaves",0.0456,0,0.9544,image,0.7323,False,0.0211,-0.021100000000000008
58374,i'm what the new working man looks like',0.0117,0,0.9883,image,0.5041,i'm what the new working man looks like',0.0128,0,0.9872,image,0.8787,False,0.0011000000000000003,-0.0010999999999999899
58467,terrorism is one of the only areas where they do most of the work and none of them get the credit,0.0084,0,0.9916,image,0.5041,terrorism is one of the only areas where they do most of the work and none of them get the credit,0.0703,0,0.9297,image,0.7582,False,0.061900000000000004,-0.061900000000000066
58716,"they are like manure spread them out and they help everything grow better, but keep them in one big pile and they stink horribly",0.003,0,0.997,image,0.5041,"they are like manure spread them out and they help everything grow better, but keep them in one big pile and they stink horribly",0.0063,0,0.9937,image,0.9501,False,0.0033,-0.0032999999999999696
58730,share this goat for no reason,0.0169,0,0.9831,image,0.5041,share this goat for no reason,0.0115,0,0.9885,image,0.9265,False,-0.0053999999999999986,0.005400000000000071
59021,how do you get a jewish girls number? roll up her sleeve,0.5217,1,0.5217,image,0.5041,how do you get a jewish girls number? roll up her sleeve,0.2093,0,0.7907,image,0.8291,True,-0.3124,0.2689999999999999
59028,"the lawmakers known as ""the squad""",0.0039,0,0.9961,image,0.5041,"the lawmakers known as ""the squad""",0.0066,0,0.9934,image,0.8926,False,0.0027,-0.0027000000000000357
59031,how to get stoned without smoking weed,0.0215,0,0.9785,image,0.5041,how to get stoned without smoking weed,0.0486,0,0.9514,image,0.913,False,0.0271,-0.027100000000000013
59107,share a coke with your dad,0.6067,1,0.6067,image,0.5041,share a coke with your dad,0.0466,0,0.9534,image,0.7175,True,-0.5601,0.3467
59167,"i'm not racist, but... racist memes are allowed, right?",0.0319,0,0.9681,image,0.5041,"i'm not racist, but... racist memes are allowed, right?",0.0588,0,0.9412,image,0.7247,False,0.0269,-0.026899999999999924
59287,when your dad comes home from a suicide bombing,0.4111,0,0.5889,image,0.5041,when your dad comes home from a suicide bombing,0.5258,1,0.5258,image,0.7483,True,0.11470000000000002,-0.06309999999999993
59384,kids may be a gift but i like playing with the box they came in!,0.0467,0,0.9533,image,0.5041,kids may be a gift but i like playing with the box they came in!,0.0864,0,0.9136,image,0.9352,False,0.039700000000000006,-0.03970000000000007
59401,"mr. mittens, you have to wait till it's cooked",0.0061,0,0.9939,image,0.5041,"mr. mittens, you have to wait till it's cooked",0.0054,0,0.9946,image,0.9566,False,-0.0007000000000000001,0.0007000000000000339
59423,mmm what's cooking,0.1265,0,0.8735,image,0.5041,mmm what's cooking,0.2107,0,0.7893,image,0.6618,False,0.0842,-0.08420000000000005
59460,take the new i hate trump challenge,0.01,0,0.99,image,0.5041,take the new i hate trump challenge,0.0085,0,0.9915,image,0.9394,False,-0.0014999999999999996,0.0015000000000000568
59671,have you tried their food? neither have they,0.8506,1,0.8506,image,0.5041,have you tried their food? neither have they,0.9387,1,0.9387,text,0.3809,False,0.08809999999999996,0.08809999999999996
60175,we are never going to have social change until take personal responsibility for our own lives and participate in our communities,0.0068,0,0.9932,image,0.5041,we are never going to have social change until take personal responsibility for our own lives and participate in our communities,0.0112,0,0.9888,image,0.9565,False,0.0044,-0.0043999999999999595
60185,when someone asks me how many chromosomes i have more than you,0.9047,1,0.9047,image,0.5041,when someone asks me how many chromosomes i have more than you,0.4284,0,0.5716,image,0.7152,True,-0.47629999999999995,-0.33309999999999995
60193,would ya look at that this dryer comes with a free dishwasher,0.3985,0,0.6015,image,0.5041,would ya look at that this dryer comes with a free dishwasher,0.7576,1,0.7576,image,0.812,True,0.35910000000000003,0.15610000000000002
60289,if you ever feel down just remember there are people that are down their whole life,0.4503,0,0.5497,image,0.5041,if you ever feel down just remember there are people that are down their whole life,0.2559,0,0.7441,image,0.6474,False,-0.19439999999999996,0.19440000000000002
60345,when her head game so strong she suck a chromosome right out of you,0.1777,0,0.8223,image,0.5041,when her head game so strong she suck a chromosome right out of you,0.0715,0,0.9285,image,0.7574,False,-0.1062,0.10619999999999996
60721,when you see the gas bill,0.0114,0,0.9886,image,0.5041,when you see the gas bill,0.0093,0,0.9907,image,0.826,False,-0.002100000000000001,0.0020999999999999908
60794,what every muslim looks like to me,0.0455,0,0.9545,image,0.5041,what every muslim looks like to me,0.0224,0,0.9776,image,0.8586,False,-0.0231,0.02310000000000001
60812,when you're thinking about how much you love your wife and kids,0.0316,0,0.9684,image,0.5041,when you're thinking about how much you love your wife and kids,0.0088,0,0.9912,image,0.8378,False,-0.0228,0.02279999999999993
60823,why are we smart? because we went to camps!,0.9683,1,0.9683,image,0.5041,why are we smart? because we went to camps!,0.9543,1,0.9543,text,0.3522,False,-0.014000000000000012,-0.014000000000000012
60895,what every arab in sydney looks like,0.0185,0,0.9815,image,0.5041,what every arab in sydney looks like,0.0294,0,0.9706,image,0.847,False,0.0109,-0.01090000000000002
61054,when you and your associate are ready to take your business to another level,0.0018,0,0.9982,image,0.5041,when you and your associate are ready to take your business to another level,0.0032,0,0.9968,image,0.952,False,0.0014000000000000002,-0.0013999999999999568
61058,working in an office. just the intern life,0.0011,0,0.9989,image,0.5041,working in an office. just the intern life,0.0035,0,0.9965,image,0.9405,False,0.0024000000000000002,-0.0023999999999999577
61274,"with my pink hijab, looking fly",0.0674,0,0.9326,image,0.5041,"with my pink hijab, looking fly",0.0612,0,0.9388,image,0.8747,False,-0.006200000000000004,0.006199999999999983
61304,mom won't let me use the oven with my friends,0.0266,0,0.9734,image,0.5041,mom won't let me use the oven with my friends,0.0328,0,0.9672,image,0.9273,False,0.006200000000000004,-0.006200000000000094
61342,and participate in our communities take personal responsibility for our own lives we are never going to have social change until,0.0063,0,0.9937,image,0.5041,and participate in our communities take personal responsibility for our own lives we are never going to have social change until,0.0088,0,0.9912,image,0.9452,False,0.0025000000000000005,-0.0025000000000000577
61497,"when you realize most adults in the world still read this symbol ""#"" as ""pound"" ...and you named your women's movement against sexual harassment #metoo",0.9348,1,0.9348,image,0.5041,"when you realize most adults in the world still read this symbol ""#"" as ""pound"" ...and you named your women's movement against sexual harassment #metoo",0.4873,0,0.5127,image,0.7876,True,-0.44749999999999995,-0.4220999999999999
61597,when you realize you're pregnant because you pull out your tampon but all the cotton was mysteriously picked off,0.0234,0,0.9766,image,0.5041,when you realize you're pregnant because you pull out your tampon but all the cotton was mysteriously picked off,0.0068,0,0.9932,image,0.9201,False,-0.0166,0.016599999999999948
61752,partial arts,0.0724,0,0.9276,image,0.5041,partial arts,0.6665,1,0.6665,text,0.4703,True,0.5941,-0.2611
61792,not the shower we deserved but the shower we needed,0.0091,0,0.9909,image,0.5041,not the shower we deserved but the shower we needed,0.0102,0,0.9898,image,0.9399,False,0.0011000000000000003,-0.0010999999999999899
61980,"well, i guess we'll... beheading home now",0.0134,0,0.9866,image,0.5041,"well, i guess we'll... beheading home now",0.034,0,0.966,image,0.9536,False,0.0206,-0.020600000000000063
62031,when they said we would be going for a spin this wasn't what i expected,0.0025,0,0.9975,image,0.5041,when they said we would be going for a spin this wasn't what i expected,0.0054,0,0.9946,image,0.9532,False,0.0029000000000000002,-0.0029000000000000137
62085,"""lynch said her greatest fear is the incredibly disturbing rise of of - anti-muslim rhetoric"""" ....not the incredibly disturbing rise of radical islamic terrorists",0.5347,1,0.5347,image,0.5041,"""lynch said her greatest fear is the incredibly disturbing rise of of - anti-muslim rhetoric"""" ....not the incredibly disturbing rise of radical islamic terrorists",0.9195,1,0.9195,image,0.5132,False,0.38480000000000003,0.38480000000000003
62134,its not right to judge someone by the color of their skin they might just be tan,0.0028,0,0.9972,image,0.5041,its not right to judge someone by the color of their skin they might just be tan,0.2218,0,0.7782,image,0.9469,False,0.219,-0.21899999999999997
62307,my favorite sex position is the jfk i splatter all over her while she screams and,0.0412,0,0.9588,image,0.5041,my favorite sex position is the jfk i splatter all over her while she screams and,0.4162,0,0.5838,image,0.8678,False,0.375,-0.375
62398,this is me tryna look cool  after learning how to shoot from the movies,0.0217,0,0.9783,image,0.5041,this is me tryna look cool  after learning how to shoot from the movies,0.1349,0,0.8651,image,0.6972,False,0.1132,-0.11319999999999997
62418,this happens to 1/3 of women 2/3 aren't doing their job,0.0284,0,0.9716,image,0.5041,this happens to 1/3 of women 2/3 aren't doing their job,0.4817,0,0.5183,image,0.9121,False,0.45330000000000004,-0.45330000000000004
62490,1939-1945 bake off winner,0.0116,0,0.9884,image,0.5041,1939-1945 bake off winner,0.0371,0,0.9629,image,0.7642,False,0.025500000000000002,-0.025499999999999967
62501,"say no. it's not only the proper christian stance, but the christian's duty ""god resisteth the proud..."" 1 peter 5:5",0.0024,0,0.9976,image,0.5041,"say no. it's not only the proper christian stance, but the christian's duty ""god resisteth the proud..."" 1 peter 5:5",0.0029,0,0.9971,image,0.9492,False,0.0005,-0.000500000000000056
62509,hot sports car for sale includes partially rebuilt tranny,0.0495,0,0.9505,image,0.5041,hot sports car for sale includes partially rebuilt tranny,0.5695,1,0.5695,image,0.9441,True,0.52,-0.381
62719,is it a boy or a girl? we're waiting to find out,0.0024,0,0.9976,image,0.5041,is it a boy or a girl? we're waiting to find out,0.0048,0,0.9952,image,0.9009,False,0.0024,-0.0024000000000000687
62790,that look when you high as fuck on dem chromosomes,0.0279,0,0.9721,image,0.5041,that look when you high as fuck on dem chromosomes,0.4409,0,0.5591,image,0.9107,False,0.41300000000000003,-0.4129999999999999
63097,like and share if you want loretta lynch investigated,0.0008,0,0.9992,image,0.5041,like and share if you want loretta lynch investigated,0.0012,0,0.9988,image,0.9487,False,0.00039999999999999986,-0.00039999999999995595
63490,"mommy, why am i getting christmas presents in august? because it's cheaper than chemotherapy",0.9656,1,0.9656,image,0.5041,"mommy, why am i getting christmas presents in august? because it's cheaper than chemotherapy",0.991,1,0.991,text,0.3765,False,0.025399999999999978,0.025399999999999978
63491,when you've just realised your son has taken the wrong backpack to school,0.0155,0,0.9845,image,0.5041,when you've just realised your son has taken the wrong backpack to school,0.0458,0,0.9542,image,0.8226,False,0.0303,-0.030299999999999994
63502,"in school trip to the zoo, i saw a monkey and had vegetable soup for lunch",0.0183,0,0.9817,image,0.5041,"in school trip to the zoo, i saw a monkey and had vegetable soup for lunch",0.0572,0,0.9428,image,0.724,False,0.038900000000000004,-0.038900000000000046
63547,i'm down.. ...with that,0.9316,1,0.9316,image,0.5041,i'm down.. ...with that,0.9771,1,0.9771,image,0.5274,False,0.045499999999999985,0.045499999999999985
63719,hey grandma what are you doing ? im sewing a scarf for your trans brother ajay,0.9921,1,0.9921,image,0.5041,hey grandma what are you doing ? im sewing a scarf for your trans brother ajay,0.9926,1,0.9926,image,0.8002,False,0.000500000000000056,0.000500000000000056
63795,when you wanna delete google chrome but you accidentally delete your chromosome,0.0999,0,0.9001,image,0.5041,when you wanna delete google chrome but you accidentally delete your chromosome,0.0533,0,0.9467,image,0.8445,False,-0.0466,0.046599999999999975
63908,i'm sick of making excuses for him. i need to leave,0.0034,0,0.9966,image,0.5041,i'm sick of making excuses for him. i need to leave,0.0045,0,0.9955,image,0.9324,False,0.0010999999999999998,-0.0010999999999999899
63915,i did nazi that bird fly by did you?,0.5652,1,0.5652,image,0.5041,i did nazi that bird fly by did you?,0.1792,0,0.8208,image,0.7811,True,-0.386,0.25559999999999994
64038,riding a horse backwards,0.002,0,0.998,image,0.5041,riding a horse backwards,0.0034,0,0.9966,image,0.9638,False,0.0013999999999999998,-0.0013999999999999568
64278,they were uneducated false they all had their masters,0.0217,0,0.9783,image,0.5041,they were uneducated false they all had their masters,0.0561,0,0.9439,image,0.8587,False,0.0344,-0.034399999999999986
64279,jew mad? get fuhrererious !,0.9949,1,0.9949,image,0.5041,jew mad? get fuhrererious !,0.9932,1,0.9932,image,0.5706,False,-0.0017000000000000348,-0.0017000000000000348
64297,when the whole squad roasts the jewish kid,0.9831,1,0.9831,image,0.5041,when the whole squad roasts the jewish kid,0.9482,1,0.9482,image,0.7259,False,-0.03489999999999993,-0.03489999999999993
64391,a brief history of everything,0.0076,0,0.9924,image,0.5041,a brief history of everything,0.0264,0,0.9736,image,0.6885,False,0.0188,-0.018799999999999928
64571,wait a sec are u trying to gas me again,0.0109,0,0.9891,image,0.5041,wait a sec are u trying to gas me again,0.034,0,0.966,image,0.9145,False,0.023100000000000002,-0.02310000000000001
64730,look dude a second hand store !!,0.953,1,0.953,image,0.5041,look dude a second hand store !!,0.9295,1,0.9295,text,0.4659,False,-0.023499999999999965,-0.023499999999999965
64735,this movie sucks i am thinking of another shooting,0.0051,0,0.9949,image,0.5041,this movie sucks i am thinking of another shooting,0.0123,0,0.9877,image,0.9514,False,0.0072,-0.007199999999999984
64803,when she asked for equal rights so i gave her equal left,0.5498,1,0.5498,image,0.5041,when she asked for equal rights so i gave her equal left,0.3214,0,0.6786,image,0.5883,True,-0.22839999999999994,0.12880000000000003
64813,be careful who you call ugly in high school,0.9492,1,0.9492,image,0.5041,be careful who you call ugly in high school,0.9822,1,0.9822,text,0.3989,False,0.03299999999999992,0.03299999999999992
64907,"knock knock who's there? america, mother fucker!",0.3242,0,0.6758,image,0.5041,"knock knock who's there? america, mother fucker!",0.3725,0,0.6275,image,0.9412,False,0.04830000000000001,-0.04830000000000001
65071,"we are never going to have healthy life until we take our health seriously, have enough sleep, and pay attention to exercise",0.0104,0,0.9896,image,0.5041,"we are never going to have healthy life until we take our health seriously, have enough sleep, and pay attention to exercise",0.0103,0,0.9897,image,0.9328,False,-9.99999999999994e-05,9.999999999998899e-05
65078,didn't get bought today success!,0.0052,0,0.9948,image,0.5041,didn't get bought today success!,0.0152,0,0.9848,image,0.9153,False,0.01,-0.010000000000000009
65148,girl goes out with him blind date,0.0053,0,0.9947,image,0.5041,girl goes out with him blind date,0.006,0,0.994,image,0.8088,False,0.0007000000000000001,-0.0007000000000000339
65234,my neighbour ordered a blow-up doll from a muslim sex shop,0.7546,1,0.7546,image,0.5041,my neighbour ordered a blow-up doll from a muslim sex shop,0.9647,1,0.9647,image,0.7244,False,0.21009999999999995,0.21009999999999995
65297,when your little bomber brings home his first girlfriend,0.009,0,0.991,image,0.5041,when your little bomber brings home his first girlfriend,0.0371,0,0.9629,image,0.9404,False,0.0281,-0.028100000000000014
65473,ladies and gents i present you with miss islam 2015 contenders,0.9634,1,0.9634,image,0.5041,ladies and gents i present you with miss islam 2015 contenders,0.2351,0,0.7649,image,0.8708,True,-0.7283000000000001,-0.1985
65734,"aye, tone! why would dey delouse 'em if dey was just gonna whack 'em?!",0.7339,1,0.7339,image,0.5041,"aye, tone! why would dey delouse 'em if dey was just gonna whack 'em?!",0.9635,1,0.9635,image,0.9324,False,0.22960000000000003,0.22960000000000003
65740,how to pick up a girl from auschwitz:,0.958,1,0.958,image,0.5041,how to pick up a girl from auschwitz:,0.9456,1,0.9456,image,0.834,False,-0.012399999999999967,-0.012399999999999967
65917,this is what science does for humanity this is what islam does for humanity,0.9924,1,0.9924,image,0.5041,this is what science does for humanity this is what islam does for humanity,0.9769,1,0.9769,image,0.8086,False,-0.015499999999999958,-0.015499999999999958
65948,me watching the pride parade,0.0305,0,0.9695,image,0.5041,me watching the pride parade,0.0946,0,0.9054,image,0.8581,False,0.0641,-0.06410000000000005
67034,hitler led the first public anti-smoking campaign in modern history i did nazi that coming,0.012,0,0.988,image,0.5041,hitler led the first public anti-smoking campaign in modern history i did nazi that coming,0.0117,0,0.9883,image,0.8376,False,-0.0002999999999999999,0.00029999999999996696
67149,when mum tells you to rinse the vegetables,0.3016,0,0.6984,image,0.5041,when mum tells you to rinse the vegetables,0.0354,0,0.9646,image,0.7935,False,-0.2662,0.2662
67350,turn your dishwasher into a snow remover,0.0115,0,0.9885,image,0.5041,turn your dishwasher into a snow remover,0.0563,0,0.9437,image,0.8998,False,0.044800000000000006,-0.04480000000000006
67593,4 ways to boil vegetables,0.0789,0,0.9211,image,0.5041,4 ways to boil vegetables,0.2877,0,0.7123,image,0.6129,False,0.2088,-0.20879999999999999
67841,a beautiful day for picnic in white mountains,0.3123,0,0.6877,image,0.5041,a beautiful day for picnic in white mountains,0.0907,0,0.9093,image,0.7381,False,-0.22160000000000002,0.22160000000000002
67924,"""leave that one alone bill he's my weed man""",0.2177,0,0.7823,image,0.5041,"""leave that one alone bill he's my weed man""",0.2187,0,0.7813,image,0.7524,False,0.0010000000000000009,-0.0010000000000000009
67935,christina ford brett kavanaugh 17 15 i'll take shit that never happened for 1000,0.9802,1,0.9802,image,0.5041,christina ford brett kavanaugh 17 15 i'll take shit that never happened for 1000,0.5909,1,0.5909,image,0.8493,False,-0.3893,-0.3893
67951,"roseanne barr? more like roseanne barred, amiright?",0.9865,1,0.9865,image,0.5041,"roseanne barr? more like roseanne barred, amiright?",0.9868,1,0.9868,image,0.8173,False,0.00029999999999996696,0.00029999999999996696
68034,when you go to africa and a kid is roasting you are you eatin though?,0.0116,0,0.9884,image,0.5041,when you go to africa and a kid is roasting you are you eatin though?,0.0062,0,0.9938,image,0.8927,False,-0.005399999999999999,0.005400000000000071
68039,when black people think it's funny to steal a white man's bike,0.9928,1,0.9928,image,0.5041,when black people think it's funny to steal a white man's bike,0.9915,1,0.9915,image,0.5011,False,-0.0012999999999999678,-0.0012999999999999678
68172,he went to jail for your sins,0.0213,0,0.9787,image,0.5041,he went to jail for your sins,0.007,0,0.993,image,0.839,False,-0.0143,0.01429999999999998
68190,is it a boy or a girl? it's a bomb,0.0233,0,0.9767,image,0.5041,is it a boy or a girl? it's a bomb,0.0251,0,0.9749,image,0.8635,False,0.0017999999999999995,-0.0018000000000000238
68230,so you say 12 russians can influence an election but 25 million illegal aliens in the usa cant ?,0.0134,0,0.9866,image,0.5041,so you say 12 russians can influence an election but 25 million illegal aliens in the usa cant ?,0.0289,0,0.9711,image,0.9404,False,0.015499999999999998,-0.01550000000000007
68321,"i don't know how it happened, one moment i was on my bike next thing i knew, i woke up in a hospital",0.0623,0,0.9377,image,0.5041,"i don't know how it happened, one moment i was on my bike next thing i knew, i woke up in a hospital",0.0263,0,0.9737,image,0.9384,False,-0.036000000000000004,0.03600000000000003
68394,"a site of a tragedy, now a memorial",0.001,0,0.999,image,0.5041,"a site of a tragedy, now a memorial",0.0016,0,0.9984,image,0.9355,False,0.0006000000000000001,-0.0006000000000000449
68594,when you make history by locking up you diary,0.0258,0,0.9742,image,0.5041,when you make history by locking up you diary,0.498,0,0.502,image,0.64,False,0.4722,-0.47219999999999995
68720,why does helen keller only masturbate with one hand? so she can moan with the other!,0.8809,1,0.8809,image,0.5041,why does helen keller only masturbate with one hand? so she can moan with the other!,0.9153,1,0.9153,image,0.8277,False,0.034399999999999986,0.034399999999999986
68749,"""my name is osama bin laden and this is jackass""",0.9819,1,0.9819,image,0.5041,"""my name is osama bin laden and this is jackass""",0.9151,1,0.9151,image,0.581,False,-0.06679999999999997,-0.06679999999999997
68921,when you see the gas bill,0.0167,0,0.9833,image,0.5041,when you see the gas bill,0.0254,0,0.9746,image,0.9345,False,0.0087,-0.00869999999999993
69123,heeeadddd shoulders wheel and frame wheel and frame,0.0487,0,0.9513,image,0.5041,heeeadddd shoulders wheel and frame wheel and frame,0.878,1,0.878,image,0.9117,True,0.8293,-0.07330000000000003
69304,"sharia law, it's not just for lunatics anymore... unless we say hell no! memegenerator.net",0.1599,0,0.8401,image,0.5041,"sharia law, it's not just for lunatics anymore... unless we say hell no! memegenerator.net",0.0697,0,0.9303,image,0.8079,False,-0.09019999999999999,0.09020000000000006
69308,texting and flying n what's the worst that could happen?,0.1262,0,0.8738,image,0.5041,texting and flying n what's the worst that could happen?,0.0276,0,0.9724,image,0.9431,False,-0.09860000000000001,0.09860000000000002
69324,aim. wait. fire,0.0124,0,0.9876,image,0.5041,aim. wait. fire,0.0199,0,0.9801,image,0.9518,False,0.0075000000000000015,-0.007500000000000062
69370,what did you have for dinner? we just had sausages it was the wurst,0.9845,1,0.9845,image,0.5041,what did you have for dinner? we just had sausages it was the wurst,0.7306,1,0.7306,image,0.8131,False,-0.2539,-0.2539
69403,every white man dream,0.0241,0,0.9759,image,0.5041,every white man dream,0.3433,0,0.6567,image,0.8597,False,0.3192,-0.31920000000000004
69421,when they laugh about your 9cm in the change room but they haven't seen your 9 mm yet,0.6986,1,0.6986,image,0.5041,when they laugh about your 9cm in the change room but they haven't seen your 9 mm yet,0.7981,1,0.7981,image,0.5863,False,0.09950000000000003,0.09950000000000003
69423,denounce kkk to protect the country,0.0264,0,0.9736,image,0.5041,denounce kkk to protect the country,0.0479,0,0.9521,image,0.8667,False,0.0215,-0.021500000000000075
69425,no little asian don't eat them raw,0.7852,1,0.7852,image,0.5041,no little asian don't eat them raw,0.9231,1,0.9231,image,0.8542,False,0.13790000000000002,0.13790000000000002
69487,don't be racist black and white children are the same,0.5266,1,0.5266,image,0.5041,don't be racist black and white children are the same,0.8862,1,0.8862,image,0.7937,False,0.35960000000000003,0.35960000000000003
69753,if you want good life for your children kill them all,0.006,0,0.994,image,0.5041,if you want good life for your children kill them all,0.0223,0,0.9777,image,0.879,False,0.016300000000000002,-0.01629999999999998
69823,what do you call a group of stoned mexicans? baked beans,0.0298,0,0.9702,image,0.5041,what do you call a group of stoned mexicans? baked beans,0.0393,0,0.9607,image,0.9431,False,0.009500000000000001,-0.009499999999999953
70143,when you unlock a new skin for your character,0.0729,0,0.9271,image,0.5041,when you unlock a new skin for your character,0.39,0,0.61,image,0.6852,False,0.3171,-0.31710000000000005
70148,black santa,0.5488,1,0.5488,image,0.5041,black santa,0.4203,0,0.5797,image,0.8098,True,-0.12849999999999995,0.03090000000000004
70164,there's a reason they have children. they are pedophiles,0.4838,0,0.5162,image,0.5041,there's a reason they have children. they are pedophiles,0.5462,1,0.5462,image,0.8393,True,0.06240000000000001,0.030000000000000027
70214,let's not be hasty. the worldview of the guys who created this grisly spectacle of mass-murder could be any number of- comedy aaaaaannnd it's these guys,0.9007,1,0.9007,image,0.5041,let's not be hasty. the worldview of the guys who created this grisly spectacle of mass-murder could be any number of- comedy aaaaaannnd it's these guys,0.5224,1,0.5224,image,0.7897,False,-0.37829999999999997,-0.37829999999999997
70381,wherever they go destruction follows,0.9799,1,0.9799,image,0.5041,wherever they go destruction follows,0.6521,1,0.6521,image,0.6253,False,-0.3278,-0.3278
70456,jewish children today should remember how lucky they are today,0.9923,1,0.9923,image,0.5041,jewish children today should remember how lucky they are today,0.9926,1,0.9926,image,0.7819,False,0.000300000000000078,0.000300000000000078
70543,find differences,0.9108,1,0.9108,image,0.5041,find differences,0.0316,0,0.9684,image,0.8238,True,-0.8792000000000001,0.057599999999999985
70643,this one's called dirty deeds done with sheep,0.6574,1,0.6574,image,0.5041,this one's called dirty deeds done with sheep,0.9684,1,0.9684,text,0.3838,False,0.31100000000000005,0.31100000000000005
70691,overdose,0.0099,0,0.9901,image,0.5041,overdose,0.0096,0,0.9904,image,0.9428,False,-0.00030000000000000165,0.00029999999999996696
71028,have you ever lost all respect for someone? you don't hate them but you don't t feel the need to associate yourself or say anything to them anymore,0.0011,0,0.9989,image,0.5041,have you ever lost all respect for someone? you don't hate them but you don't t feel the need to associate yourself or say anything to them anymore,0.0016,0,0.9984,image,0.9674,False,0.0005,-0.000500000000000056
71063,the only way to deal with islam,0.827,1,0.827,image,0.5041,the only way to deal with islam,0.6497,1,0.6497,image,0.7902,False,-0.1772999999999999,-0.1772999999999999
71253,baby making faces babymaking faces,0.0012,0,0.9988,image,0.5041,baby making faces babymaking faces,0.0019,0,0.9981,image,0.9554,False,0.0007000000000000001,-0.0007000000000000339
71453,leave that one alone bill he's my weed man,0.0021,0,0.9979,image,0.5041,leave that one alone bill he's my weed man,0.0069,0,0.9931,image,0.9477,False,0.0048000000000000004,-0.0048000000000000265
71532,"kills: 17 million, deaths: 1 fucking camper",0.9731,1,0.9731,image,0.5041,"kills: 17 million, deaths: 1 fucking camper",0.7801,1,0.7801,image,0.693,False,-0.19299999999999995,-0.19299999999999995
71649,workers taking the cotton at a plantation,0.003,0,0.997,image,0.5041,workers taking the cotton at a plantation,0.011,0,0.989,image,0.9093,False,0.008,-0.008000000000000007
71832,when a waitress dates the new dishwasher,0.3903,0,0.6097,image,0.5041,when a waitress dates the new dishwasher,0.0667,0,0.9333,image,0.8853,False,-0.3236,0.3236
71950,if they aren't meant to cook why do they have eggs and milk inside them,0.1317,0,0.8683,image,0.5041,if they aren't meant to cook why do they have eggs and milk inside them,0.0518,0,0.9482,image,0.908,False,-0.07990000000000001,0.07990000000000008
72019,"ugly mafuckas be like.. bru, i know she want me i got dreads",0.0138,0,0.9862,image,0.5041,"ugly mafuckas be like.. bru, i know she want me i got dreads",0.0281,0,0.9719,image,0.8892,False,0.0143,-0.01429999999999998
72093,"i am against gun, violence and discrimination",0.0022,0,0.9978,image,0.5041,"i am against gun, violence and discrimination",0.003,0,0.997,image,0.9027,False,0.0007999999999999999,-0.0008000000000000229
72198,when he tells your mom you're all tied up and you have to cancel on the dinner date,0.0153,0,0.9847,image,0.5041,when he tells your mom you're all tied up and you have to cancel on the dinner date,0.0317,0,0.9683,image,0.8897,False,0.016399999999999998,-0.01639999999999997
72310,what do you get when you inject human dna into a goat? banned from the petting zoo,0.0017,0,0.9983,image,0.5041,what do you get when you inject human dna into a goat? banned from the petting zoo,0.0037,0,0.9963,image,0.9419,False,0.002,-0.0020000000000000018
72364,don't think this cream is working maybe this will work?..... nothing's happening,0.0144,0,0.9856,image,0.5041,don't think this cream is working maybe this will work?..... nothing's happening,0.0739,0,0.9261,image,0.8508,False,0.0595,-0.0595
72415,what's the difference between the 2? the first one can't sing when you put chains on it,0.3106,0,0.6894,image,0.5041,what's the difference between the 2? the first one can't sing when you put chains on it,0.0211,0,0.9789,image,0.9025,False,-0.2895,0.2895
72419,"""nice watch must have cost an arm and a leg""",0.0015,0,0.9985,image,0.5041,"""nice watch must have cost an arm and a leg""",0.0021,0,0.9979,image,0.9455,False,0.0005999999999999998,-0.0006000000000000449
72430,goes to the future doesn't warn marty about parkinson's,0.0049,0,0.9951,image,0.5041,goes to the future doesn't warn marty about parkinson's,0.0288,0,0.9712,image,0.8904,False,0.023899999999999998,-0.023900000000000032
72450,the closest some of us will ever get to heaven,0.0047,0,0.9953,image,0.5041,the closest some of us will ever get to heaven,0.0156,0,0.9844,image,0.9288,False,0.0109,-0.01089999999999991
72830,m'am stop resisting your feet are crucial to the investigation,0.0192,0,0.9808,image,0.5041,m'am stop resisting your feet are crucial to the investigation,0.0637,0,0.9363,image,0.7592,False,0.04450000000000001,-0.044499999999999984
72839,"im not always hooked on a feeling but when i am, im high on believing",0.0055,0,0.9945,image,0.5041,"im not always hooked on a feeling but when i am, im high on believing",0.0138,0,0.9862,image,0.9446,False,0.0083,-0.008300000000000085
72851,learn how to bite the bullet,0.0057,0,0.9943,image,0.5041,learn how to bite the bullet,0.0055,0,0.9945,image,0.9538,False,-0.00020000000000000052,0.000200000000000089
73049,i was asked who my favourite x-men character was apparently my answer was inappropriate,0.0153,0,0.9847,image,0.5041,i was asked who my favourite x-men character was apparently my answer was inappropriate,0.005,0,0.995,image,0.9437,False,-0.0103,0.010299999999999976
73506,look your dad fucked goats.. i capped him...sorry..,0.0747,0,0.9253,image,0.5041,look your dad fucked goats.. i capped him...sorry..,0.0321,0,0.9679,image,0.9276,False,-0.042600000000000006,0.04259999999999997
73841,which jewish girl is hotter?,0.239,0,0.761,image,0.5041,which jewish girl is hotter?,0.4224,0,0.5776,image,0.7047,False,0.1834,-0.1834
73842,international boxing day,0.021,0,0.979,image,0.5041,international boxing day,0.068,0,0.932,image,0.7958,False,0.047,-0.04699999999999993
73846,"you should thank me for what i've done, there would have been more of them",0.0091,0,0.9909,image,0.5041,"you should thank me for what i've done, there would have been more of them",0.0219,0,0.9781,image,0.9281,False,0.012799999999999999,-0.012800000000000034
74016,fed five thousand jews with five loaves and two fish made six million jews toast,0.9946,1,0.9946,image,0.5041,fed five thousand jews with five loaves and two fish made six million jews toast,0.9844,1,0.9844,image,0.7312,False,-0.010199999999999987,-0.010199999999999987
74029,nuclear bombs angles,0.3719,0,0.6281,image,0.5041,nuclear bombs angles,0.1362,0,0.8638,image,0.9217,False,-0.23570000000000002,0.23570000000000002
74031,"their average iq is about 70-80, few points above being retarded",0.0989,0,0.9011,image,0.5041,"their average iq is about 70-80, few points above being retarded",0.4824,0,0.5176,image,0.6778,False,0.3835,-0.38350000000000006
74236,if you want good life for your children send them here,0.2959,0,0.7041,image,0.5041,if you want good life for your children send them here,0.0645,0,0.9355,image,0.9016,False,-0.2314,0.23140000000000005
74259,i'll have 72 virgins when i die i'll have 72 virgins before i die,0.9744,1,0.9744,image,0.5041,i'll have 72 virgins when i die i'll have 72 virgins before i die,0.9819,1,0.9819,image,0.7134,False,0.007499999999999951,0.007499999999999951
74261,"happy birthday, gay boy!",0.9759,1,0.9759,image,0.5041,"happy birthday, gay boy!",0.7662,1,0.7662,image,0.7065,False,-0.2097,-0.2097
74265,"it's taekwondo, not taekwondon't",0.3449,0,0.6551,image,0.5041,"it's taekwondo, not taekwondon't",0.4947,0,0.5053,image,0.7453,False,0.1498,-0.14980000000000004
74281,hey frank my t-shirt doesn't fit shut up greg,0.0143,0,0.9857,image,0.5041,hey frank my t-shirt doesn't fit shut up greg,0.0189,0,0.9811,image,0.8561,False,0.0046,-0.0046000000000000485
74302,white boys do it better,0.5903,1,0.5903,image,0.5041,white boys do it better,0.6781,1,0.6781,image,0.8844,False,0.08779999999999999,0.08779999999999999
74508,i believe racism is just like black people it shouldn't exist,0.1217,0,0.8783,image,0.5041,i believe racism is just like black people it shouldn't exist,0.7241,1,0.7241,image,0.9494,True,0.6023999999999999,-0.1542
74531,bodies being removed in wagons by german,0.0138,0,0.9862,image,0.5041,bodies being removed in wagons by german,0.0063,0,0.9937,image,0.9027,False,-0.0075,0.007500000000000062
74621,"""what kind of question is that? of course i fuck goat. next question...""",0.1912,0,0.8088,image,0.5041,"""what kind of question is that? of course i fuck goat. next question...""",0.0473,0,0.9527,image,0.9167,False,-0.1439,0.14390000000000003
74813,a little gas never killed anybody right?,0.9635,1,0.9635,image,0.5041,a little gas never killed anybody right?,0.6449,1,0.6449,image,0.6139,False,-0.3186,-0.3186
74923,"""white power"" ""black power"" scares people scares people who aren't white who aren't black that scares the establishment this is the only power",0.9686,1,0.9686,image,0.5041,"""white power"" ""black power"" scares people scares people who aren't white who aren't black that scares the establishment this is the only power",0.6958,1,0.6958,image,0.7305,False,-0.27280000000000004,-0.27280000000000004
75039,rape helping them have sex for generations,0.8728,1,0.8728,image,0.5041,rape helping them have sex for generations,0.9328,1,0.9328,image,0.6808,False,0.05999999999999994,0.05999999999999994
75081,myth: gingers don't have souls  fact: gingers earn a freckle for everey soul they steal,0.6715,1,0.6715,image,0.5041,myth: gingers don't have souls  fact: gingers earn a freckle for everey soul they steal,0.4988,0,0.5012,image,0.7263,True,-0.17269999999999996,-0.1703
75136,two white men hanging out,0.0267,0,0.9733,image,0.5041,two white men hanging out,0.5471,1,0.5471,image,0.8533,True,0.5204,-0.4262
75280,"what's ""saggin""' spelled backwards? hint: they're pretty much the only people that sag!",0.9788,1,0.9788,image,0.5041,"what's ""saggin""' spelled backwards? hint: they're pretty much the only people that sag!",0.1066,0,0.8934,image,0.814,True,-0.8722,-0.08540000000000003
75806,whose hand is uppermost,0.8233,1,0.8233,image,0.5041,whose hand is uppermost,0.7531,1,0.7531,text,0.4886,False,-0.07020000000000004,-0.07020000000000004
75810,the dishwasher was making a funny sound but i fixed it,0.0068,0,0.9932,image,0.5041,the dishwasher was making a funny sound but i fixed it,0.0175,0,0.9825,image,0.9189,False,0.010700000000000001,-0.010699999999999932
75820,let's go,0.0024,0,0.9976,image,0.5041,let's go,0.0026,0,0.9974,image,0.9514,False,0.0002000000000000001,-0.000200000000000089
75821,when dishwasher stops working take it back,0.957,1,0.957,image,0.5041,when dishwasher stops working take it back,0.8572,1,0.8572,image,0.6525,False,-0.0998,-0.0998
75923,"you call that a killing, ahmed? this is a killing!",0.981,1,0.981,image,0.5041,"you call that a killing, ahmed? this is a killing!",0.9785,1,0.9785,image,0.8005,False,-0.0024999999999999467,-0.0024999999999999467
76023,women astronaut because sandwiches won't make themselves up here,0.9292,1,0.9292,image,0.5041,women astronaut because sandwiches won't make themselves up here,0.9592,1,0.9592,image,0.81,False,0.030000000000000027,0.030000000000000027
76091,imagine being so disugsting there have to be laws to try to stop normal people from hating you,0.0031,0,0.9969,image,0.5041,imagine being so disugsting there have to be laws to try to stop normal people from hating you,0.0496,0,0.9504,image,0.9468,False,0.0465,-0.046499999999999986
76103,farming simulator 1800,0.0041,0,0.9959,image,0.5041,farming simulator 1800,0.0158,0,0.9842,image,0.8138,False,0.011700000000000002,-0.011700000000000044
76145,we are addicted to racism we can't go a day with calling someone a racist,0.0145,0,0.9855,image,0.5041,we are addicted to racism we can't go a day with calling someone a racist,0.0423,0,0.9577,image,0.8494,False,0.0278,-0.027800000000000047
76180,how to get stoned without smoking weed,0.0066,0,0.9934,image,0.5041,how to get stoned without smoking weed,0.0109,0,0.9891,image,0.9393,False,0.0043,-0.0042999999999999705
76298,"i don't always run for president, but when i do, i get a lot of support from freeloaders and ignorant young people who don't know history",0.0025,0,0.9975,image,0.5041,"i don't always run for president, but when i do, i get a lot of support from freeloaders and ignorant young people who don't know history",0.0026,0,0.9974,image,0.9531,False,9.999999999999983e-05,-0.00010000000000010001
76459,when yall both on your rag but eating ass is life,0.0035,0,0.9965,image,0.5041,when yall both on your rag but eating ass is life,0.0038,0,0.9962,image,0.9563,False,0.0002999999999999999,-0.000300000000000078
76542,who said i'm uneducated i have my master,0.0276,0,0.9724,image,0.5041,who said i'm uneducated i have my master,0.417,0,0.583,image,0.6229,False,0.38939999999999997,-0.3894000000000001
76842,these wind chimes don't make a sound should have known the brown ones wouldn't work,0.9877,1,0.9877,image,0.5041,these wind chimes don't make a sound should have known the brown ones wouldn't work,0.9515,1,0.9515,image,0.7393,False,-0.03620000000000001,-0.03620000000000001
76854,psa: clean your apartments for pete's sake,0.0019,0,0.9981,image,0.5041,psa: clean your apartments for pete's sake,0.0036,0,0.9964,image,0.9591,False,0.0017,-0.0017000000000000348
76913,4 years for your bachelors? i worked 60 years for my masters,0.7419,1,0.7419,image,0.5041,4 years for your bachelors? i worked 60 years for my masters,0.9593,1,0.9593,text,0.4273,False,0.21740000000000004,0.21740000000000004
78092,really ? eating pork is a sin but marriage to a 6 year old is ok,0.0111,0,0.9889,image,0.5041,really ? eating pork is a sin but marriage to a 6 year old is ok,0.0061,0,0.9939,image,0.9521,False,-0.005,0.0050000000000000044
78152,great financial news for me this morning no longer have to send $16 a month to that african kid,0.8381,1,0.8381,image,0.5041,great financial news for me this morning no longer have to send $16 a month to that african kid,0.14,0,0.86,image,0.7551,True,-0.6980999999999999,0.02190000000000003
78163,"note to americans: we behead gays and brutalize women so keep on ""tolerating us"" until we take over your country",0.9957,1,0.9957,image,0.5041,"note to americans: we behead gays and brutalize women so keep on ""tolerating us"" until we take over your country",0.9913,1,0.9913,image,0.5853,False,-0.0044000000000000705,-0.0044000000000000705
78206,authentic lunch in venezuela,0.0424,0,0.9576,image,0.5041,authentic lunch in venezuela,0.0216,0,0.9784,image,0.8108,False,-0.0208,0.02080000000000004
78321,if it fits it ships,0.9433,1,0.9433,image,0.5041,if it fits it ships,0.7967,1,0.7967,image,0.6188,False,-0.14660000000000006,-0.14660000000000006
78613,"hey there delilah, what's it like in new york city.",0.2912,0,0.7088,image,0.5041,"hey there delilah, what's it like in new york city.",0.113,0,0.887,image,0.8334,False,-0.17820000000000003,0.17820000000000003
78936,baboons and monkeys everywhere this is really a zoo,0.5374,1,0.5374,image,0.5041,baboons and monkeys everywhere this is really a zoo,0.0217,0,0.9783,image,0.7921,True,-0.5156999999999999,0.44089999999999996
78956,"when one of your senses doesn't work, the others step up their game",0.0146,0,0.9854,image,0.5041,"when one of your senses doesn't work, the others step up their game",0.0304,0,0.9696,image,0.7993,False,0.0158,-0.015800000000000036
78965,how white liberals treat minorities who don't vote democrat,0.9574,1,0.9574,image,0.5041,how white liberals treat minorities who don't vote democrat,0.9828,1,0.9828,image,0.711,False,0.025399999999999978,0.025399999999999978
79031,"""blue power tie red power tie white power tie",0.3044,0,0.6956,image,0.5041,"""blue power tie red power tie white power tie",0.0624,0,0.9376,image,0.7614,False,-0.242,0.242
79081,these wind chimes don't make a sound should have known the brown ones wouldn't work,0.024,0,0.976,image,0.5041,these wind chimes don't make a sound should have known the brown ones wouldn't work,0.0107,0,0.9893,image,0.9407,False,-0.013300000000000001,0.013299999999999979
79105,he who is not with me is against me [matthew 12: 30] only a sith deals in absolutes,0.0151,0,0.9849,image,0.5041,he who is not with me is against me [matthew 12: 30] only a sith deals in absolutes,0.0065,0,0.9935,image,0.9178,False,-0.0086,0.008600000000000052
79134,say no! to racism say no to the liar who tried to ruin the life of brett kavanaugh say no to kamala harris 2020,0.0153,0,0.9847,image,0.5041,say no! to racism say no to the liar who tried to ruin the life of brett kavanaugh say no to kamala harris 2020,0.0188,0,0.9812,image,0.9482,False,0.0035000000000000014,-0.0035000000000000586
79243,how do you defeat an extremist ideology? let's start with killing them all and go from there,0.7147,1,0.7147,image,0.5041,how do you defeat an extremist ideology? let's start with killing them all and go from there,0.0841,0,0.9159,image,0.7561,True,-0.6306,0.20120000000000005
79316,things i love to pull behind my trunck,0.3748,0,0.6252,image,0.5041,things i love to pull behind my trunck,0.0973,0,0.9027,image,0.6546,False,-0.2775,0.27749999999999997
79405,congress is now stronger than ever to fight terrorism,0.0237,0,0.9763,image,0.5041,congress is now stronger than ever to fight terrorism,0.2203,0,0.7797,text,0.4357,False,0.1966,-0.1966
79452,fighting for gay rights,0.0132,0,0.9868,image,0.5041,fighting for gay rights,0.0424,0,0.9576,image,0.8485,False,0.0292,-0.029200000000000004
79465,i went on a date blind date,0.0295,0,0.9705,image,0.5041,i went on a date blind date,0.3381,0,0.6619,image,0.5501,False,0.3086,-0.3086
79531,sea monkeys,0.9847,1,0.9847,image,0.5041,sea monkeys,0.9716,1,0.9716,image,0.69,False,-0.0131,-0.0131
79824,i was going to make a joke about us but they always blow up in your face,0.4662,0,0.5338,image,0.5041,i was going to make a joke about us but they always blow up in your face,0.0887,0,0.9113,image,0.722,False,-0.3775,0.37749999999999995
79825,"""the people will not revolt they will not look up from their screens long enough to notice what is happening.""",0.044,0,0.956,image,0.5041,"""the people will not revolt they will not look up from their screens long enough to notice what is happening.""",0.0896,0,0.9104,image,0.8941,False,0.0456,-0.045599999999999974
79843,the closest some of us will ever get to heaven,0.002,0,0.998,image,0.5041,the closest some of us will ever get to heaven,0.0041,0,0.9959,image,0.9459,False,0.0021000000000000003,-0.0020999999999999908
79861,white people when they learn fish swim in schools,0.6979,1,0.6979,image,0.5041,white people when they learn fish swim in schools,0.8525,1,0.8525,image,0.5892,False,0.15460000000000007,0.15460000000000007
80231,"transrepublican identifies as a republican, but is really a democrat",0.0079,0,0.9921,image,0.5041,"transrepublican identifies as a republican, but is really a democrat",0.0306,0,0.9694,image,0.9525,False,0.022699999999999998,-0.022699999999999942
80246,car salesman roof of car,0.0689,0,0.9311,image,0.5041,car salesman roof of car,0.1396,0,0.8604,image,0.924,False,0.0707,-0.07069999999999999
80254,how to pick up a girl from auschwitz:,0.6778,1,0.6778,image,0.5041,how to pick up a girl from auschwitz:,0.8844,1,0.8844,image,0.8542,False,0.2066,0.2066
80321,within these places they should be staying jungle water girls kitchen,0.0166,0,0.9834,image,0.5041,within these places they should be staying jungle water girls kitchen,0.0293,0,0.9707,image,0.9339,False,0.0127,-0.012700000000000045
80392,yellow black red and normal,0.0104,0,0.9896,image,0.5041,yellow black red and normal,0.0113,0,0.9887,image,0.9371,False,0.0008999999999999998,-0.0009000000000000119
80463,how to fix a noisy dishwasher,0.1255,0,0.8745,image,0.5041,how to fix a noisy dishwasher,0.3052,0,0.6948,image,0.7792,False,0.17970000000000003,-0.17970000000000008
80473,vegetable soup,0.0672,0,0.9328,image,0.5041,vegetable soup,0.0125,0,0.9875,image,0.8497,False,-0.0547,0.05470000000000008
80653,"sometimes, you have to water your farm equipment so it doesn't overheat",0.0047,0,0.9953,image,0.5041,"sometimes, you have to water your farm equipment so it doesn't overheat",0.0061,0,0.9939,image,0.8849,False,0.0014000000000000002,-0.0013999999999999568
80713,rare picture of child birth,0.0021,0,0.9979,image,0.5041,rare picture of child birth,0.0043,0,0.9957,image,0.941,False,0.0022,-0.0021999999999999797
80724,hmm today i will commit 50% of all violent crimes despite being only 13% percent of the population being opressed time,0.9964,1,0.9964,image,0.5041,hmm today i will commit 50% of all violent crimes despite being only 13% percent of the population being opressed time,0.9962,1,0.9962,image,0.603,False,-0.00019999999999997797,-0.00019999999999997797
80759,that look when you find out your husband isn't coming home from the mosque,0.8555,1,0.8555,image,0.5041,that look when you find out your husband isn't coming home from the mosque,0.9603,1,0.9603,image,0.9361,False,0.1048,0.1048
80914,new implant allows muslims to speak directly with allah apply to forehead,0.991,1,0.991,image,0.5041,new implant allows muslims to speak directly with allah apply to forehead,0.9819,1,0.9819,image,0.667,False,-0.009099999999999997,-0.009099999999999997
80916,the guy who created the joke the jokers,0.0099,0,0.9901,image,0.5041,the guy who created the joke the jokers,0.0178,0,0.9822,image,0.7938,False,0.007899999999999999,-0.007900000000000018
81035,white kids be like i have had enough,0.127,0,0.873,image,0.5041,white kids be like i have had enough,0.0918,0,0.9082,image,0.8317,False,-0.035199999999999995,0.03520000000000001
81075,they're not alllll rapists... right?,0.7752,1,0.7752,image,0.5041,they're not alllll rapists... right?,0.849,1,0.849,image,0.6413,False,0.07379999999999998,0.07379999999999998
81095,when you so savage you roast a whole race,0.6626,1,0.6626,image,0.5041,when you so savage you roast a whole race,0.933,1,0.933,image,0.7345,False,0.2704000000000001,0.2704000000000001
81250,"hey there delilah, what's it like in new york city.",0.0267,0,0.9733,image,0.5041,"hey there delilah, what's it like in new york city.",0.1102,0,0.8898,image,0.8685,False,0.0835,-0.08350000000000002
81309,college students on the naacps vote hard bus tour,0.1481,0,0.8519,image,0.5041,college students on the naacps vote hard bus tour,0.0396,0,0.9604,image,0.8869,False,-0.10850000000000001,0.10850000000000004
81370,the fucking dishwasher is acting up!,0.9685,1,0.9685,image,0.5041,the fucking dishwasher is acting up!,0.9721,1,0.9721,image,0.8778,False,0.0035999999999999366,0.0035999999999999366
81395,a role model for women everywhere,0.0138,0,0.9862,image,0.5041,a role model for women everywhere,0.0088,0,0.9912,image,0.9104,False,-0.004999999999999999,0.0050000000000000044
81523,they're escaping quick... from the cake!,0.5027,1,0.5027,image,0.5041,they're escaping quick... from the cake!,0.3598,0,0.6402,image,0.7901,True,-0.14290000000000003,0.13749999999999996
81527,what do gangsters and monkeys have in common,0.7433,1,0.7433,image,0.5041,what do gangsters and monkeys have in common,0.1416,0,0.8584,image,0.7234,True,-0.6016999999999999,0.11510000000000009
81690,when black people think it's funny to steal a white man's bike,0.8735,1,0.8735,image,0.5041,when black people think it's funny to steal a white man's bike,0.7565,1,0.7565,image,0.6098,False,-0.1170000000000001,-0.1170000000000001
81752,me: i promise i won't get caught up in my stories me 3 drinks later: and there was ghost!,0.015,0,0.985,image,0.5041,me: i promise i won't get caught up in my stories me 3 drinks later: and there was ghost!,0.0194,0,0.9806,image,0.8547,False,0.004400000000000001,-0.0043999999999999595
81964,"oprah winfrey: ""old white people need to just die""",0.097,0,0.903,image,0.5041,"oprah winfrey: ""old white people need to just die""",0.1547,0,0.8453,image,0.8527,False,0.0577,-0.057699999999999974
81970,we talked about it  i agreed dinner would be ready on time in the future,0.0058,0,0.9942,image,0.5041,we talked about it  i agreed dinner would be ready on time in the future,0.0156,0,0.9844,image,0.9513,False,0.0098,-0.00979999999999992
82419,piss off the muslims by saying merry christmas to all!,0.9859,1,0.9859,image,0.5041,piss off the muslims by saying merry christmas to all!,0.9944,1,0.9944,image,0.5368,False,0.008499999999999952,0.008499999999999952
82469,you're not you when you're hungry. grab a snickers,0.1207,0,0.8793,image,0.5041,you're not you when you're hungry. grab a snickers,0.2213,0,0.7787,image,0.6084,False,0.1006,-0.10060000000000002
82507,me: want some ribs? chinese person: no me: want some ribs made from house pets? chinese person:,0.0844,0,0.9156,image,0.5041,me: want some ribs? chinese person: no me: want some ribs made from house pets? chinese person:,0.437,0,0.563,image,0.8179,False,0.3526,-0.3526
82547,r = rape,0.7158,1,0.7158,image,0.5041,r = rape,0.5095,1,0.5095,image,0.776,False,-0.20630000000000004,-0.20630000000000004
82591,can you spot the difference?!?!? didn't take me long either - 1st car's red,0.6078,1,0.6078,image,0.5041,can you spot the difference?!?!? didn't take me long either - 1st car's red,0.5246,1,0.5246,image,0.5153,False,-0.08320000000000005,-0.08320000000000005
82675,life has its ups and downs,0.0011,0,0.9989,image,0.5041,life has its ups and downs,0.0011,0,0.9989,image,0.9579,False,0.0,0.0
82749,muslims moved in... but theyre not moving out.,0.9894,1,0.9894,image,0.5041,muslims moved in... but theyre not moving out.,0.9378,1,0.9378,image,0.8947,False,-0.05159999999999998,-0.05159999999999998
82760,"spiders are like him not all of them are dangerous but since they all look the same to me, i don't want any of them in my house",0.0015,0,0.9985,image,0.5041,"spiders are like him not all of them are dangerous but since they all look the same to me, i don't want any of them in my house",0.0103,0,0.9897,image,0.961,False,0.0088,-0.00880000000000003
82950,be careful who you call ugly in high school,0.0013,0,0.9987,image,0.5041,be careful who you call ugly in high school,0.004,0,0.996,image,0.9518,False,0.0027,-0.0027000000000000357
82964,they were mentally ill. i had to cure them,0.0736,0,0.9264,image,0.5041,they were mentally ill. i had to cure them,0.0299,0,0.9701,image,0.895,False,-0.0437,0.04369999999999996
83046,capital punishment is still prevalent in many parts of the world,0.0393,0,0.9607,image,0.5041,capital punishment is still prevalent in many parts of the world,0.0267,0,0.9733,image,0.8827,False,-0.0126,0.012600000000000056
83091,what are you looking at!,0.0035,0,0.9965,image,0.5041,what are you looking at!,0.0022,0,0.9978,image,0.9417,False,-0.0013,0.0012999999999999678
83720,banging a squirter not fun for a gay man,0.2205,0,0.7795,image,0.5041,banging a squirter not fun for a gay man,0.0263,0,0.9737,image,0.8596,False,-0.1942,0.19420000000000004
83726,when people keep asking you if you're angry,0.0046,0,0.9954,image,0.5041,when people keep asking you if you're angry,0.0057,0,0.9943,image,0.8199,False,0.0011000000000000003,-0.0010999999999999899
83924,than nasty i'd rather be deplorable,0.0377,0,0.9623,image,0.5041,than nasty i'd rather be deplorable,0.1074,0,0.8926,image,0.9272,False,0.0697,-0.0697000000000001
84057,no little asian don't eat them raw,0.9108,1,0.9108,image,0.5041,no little asian don't eat them raw,0.2275,0,0.7725,image,0.8047,True,-0.6833,-0.1383000000000001
84169,waiting for a train,0.0059,0,0.9941,image,0.5041,waiting for a train,0.0139,0,0.9861,image,0.8567,False,0.008,-0.008000000000000007
84316,i just came here to read the comments jus kiddin im blind motherfucker,0.0093,0,0.9907,image,0.5041,i just came here to read the comments jus kiddin im blind motherfucker,0.0064,0,0.9936,image,0.8684,False,-0.002899999999999999,0.0029000000000000137
84321,there's a 50% chance this phone is stolen,0.0044,0,0.9956,image,0.5041,there's a 50% chance this phone is stolen,0.0045,0,0.9955,image,0.9507,False,9.99999999999994e-05,-9.999999999998899e-05
84325,this circus clown should be eating crow!,0.0018,0,0.9982,image,0.5041,this circus clown should be eating crow!,0.0061,0,0.9939,image,0.9298,False,0.0043,-0.0042999999999999705
84360,a pair of old men gossiping,0.0096,0,0.9904,image,0.5041,a pair of old men gossiping,0.0066,0,0.9934,image,0.8131,False,-0.002999999999999999,0.0030000000000000027
84395,how to pick up a girl from auschwitz,0.2993,0,0.7007,image,0.5041,how to pick up a girl from auschwitz,0.6955,1,0.6955,image,0.9337,True,0.3962,-0.005199999999999982
84517,"you said the vehicles aren't owned by members of the ppa... ...the lie detector determined, that was a lie",0.0252,0,0.9748,image,0.5041,"you said the vehicles aren't owned by members of the ppa... ...the lie detector determined, that was a lie",0.3527,0,0.6473,image,0.934,False,0.3275,-0.3275
84639,"you're a f*g, you're a f*g, you're all f*gs!",0.2167,0,0.7833,image,0.5041,"you're a f*g, you're a f*g, you're all f*gs!",0.0608,0,0.9392,image,0.7513,False,-0.1559,0.15590000000000004
84652,don't judge me bro! why didn't i let them judge me? now god did!,0.0054,0,0.9946,image,0.5041,don't judge me bro! why didn't i let them judge me? now god did!,0.0037,0,0.9963,image,0.9566,False,-0.0017000000000000001,0.0016999999999999238
84670,my local mosque is really going all out for gay pride this year,0.0916,0,0.9084,image,0.5041,my local mosque is really going all out for gay pride this year,0.8886,1,0.8886,image,0.8845,True,0.7969999999999999,-0.01980000000000004
84759,what if tornadoes are actually created secretly by the government to destroy white trash people living in trailer homes,0.9936,1,0.9936,image,0.5041,what if tornadoes are actually created secretly by the government to destroy white trash people living in trailer homes,0.9898,1,0.9898,image,0.5683,False,-0.0038000000000000256,-0.0038000000000000256
84901,"donald trump putting ""i can!"" back into the hearts of all americans",0.0177,0,0.9823,image,0.5041,"donald trump putting ""i can!"" back into the hearts of all americans",0.0039,0,0.9961,image,0.9585,False,-0.0138,0.013800000000000034
85042,"if they aren't lazy, then why doesn't kfc have a breakfast menu",0.0609,0,0.9391,image,0.5041,"if they aren't lazy, then why doesn't kfc have a breakfast menu",0.0496,0,0.9504,image,0.8362,False,-0.011300000000000004,0.011299999999999977
85310,german fireworks,0.2444,0,0.7556,image,0.5041,german fireworks,0.433,0,0.567,image,0.5649,False,0.1886,-0.1886000000000001
85317,there's nothing on those cards we flip a coin backstage,0.0031,0,0.9969,image,0.5041,there's nothing on those cards we flip a coin backstage,0.0026,0,0.9974,image,0.9611,False,-0.0005,0.0004999999999999449
85420,after the shower i will visit the local zoo,0.0112,0,0.9888,image,0.5041,after the shower i will visit the local zoo,0.01,0,0.99,image,0.9155,False,-0.0011999999999999997,0.0011999999999999789
85471,vanish shampoo,0.8931,1,0.8931,image,0.5041,vanish shampoo,0.0314,0,0.9686,image,0.8346,True,-0.8617,0.07550000000000001
85612,the horrors of the holocaust,0.0065,0,0.9935,image,0.5041,the horrors of the holocaust,0.0294,0,0.9706,image,0.912,False,0.0229,-0.02290000000000003
85630,michele obama met with fashion designers from planet of the apes,0.0059,0,0.9941,image,0.5041,michele obama met with fashion designers from planet of the apes,0.0128,0,0.9872,image,0.8637,False,0.006900000000000001,-0.006900000000000017
85746,who said i'm uneducated i have phd,0.9809,1,0.9809,image,0.5041,who said i'm uneducated i have phd,0.8588,1,0.8588,image,0.6441,False,-0.12209999999999999,-0.12209999999999999
85764,one small step for man one large step for mankind,0.0199,0,0.9801,image,0.5041,one small step for man one large step for mankind,0.1184,0,0.8816,image,0.743,False,0.0985,-0.09849999999999992
85912,which jewish girl is hotter?,0.9794,1,0.9794,image,0.5041,which jewish girl is hotter?,0.9664,1,0.9664,image,0.7258,False,-0.013000000000000012,-0.013000000000000012
86021,hitler enjoying a chill day at kehlsteinhaus,0.0236,0,0.9764,image,0.5041,hitler enjoying a chill day at kehlsteinhaus,0.0133,0,0.9867,image,0.8616,False,-0.0103,0.010299999999999976
86025,there are laws to try to stop people from hating and discriminating against you,0.8654,1,0.8654,image,0.5041,there are laws to try to stop people from hating and discriminating against you,0.9225,1,0.9225,image,0.7568,False,0.05710000000000004,0.05710000000000004
86139,"what do i have in common with cow pies? xxx the older we get, the easier for you to pick us up!",0.1573,0,0.8427,image,0.5041,"what do i have in common with cow pies? xxx the older we get, the easier for you to pick us up!",0.4811,0,0.5189,image,0.8753,False,0.32380000000000003,-0.3238
86173,when i said i wanted a little pussy this is not really what i had in mind.,0.9929,1,0.9929,image,0.5041,when i said i wanted a little pussy this is not really what i had in mind.,0.9864,1,0.9864,text,0.4136,False,-0.00649999999999995,-0.00649999999999995
86179,happy fucking birthday now let's party,0.0008,0,0.9992,image,0.5041,happy fucking birthday now let's party,0.0017,0,0.9983,image,0.9606,False,0.0008999999999999999,-0.0009000000000000119
86193,these women have access to top secret classified information let that sink in,0.5025,1,0.5025,image,0.5041,these women have access to top secret classified information let that sink in,0.0726,0,0.9274,image,0.9079,True,-0.42989999999999995,0.42490000000000006
86215,just going out for groceries,0.6127,1,0.6127,image,0.5041,just going out for groceries,0.035,0,0.965,image,0.7982,True,-0.5777,0.35229999999999995
86231,never be afraid to be yourself,0.0028,0,0.9972,image,0.5041,never be afraid to be yourself,0.0027,0,0.9973,image,0.9003,False,-9.999999999999983e-05,9.999999999998899e-05
86394,had secret door before it was cool,0.5078,1,0.5078,image,0.5041,had secret door before it was cool,0.6495,1,0.6495,image,0.8425,False,0.14169999999999994,0.14169999999999994
86425,islam is the religious of love and peace,0.002,0,0.998,image,0.5041,islam is the religious of love and peace,0.0276,0,0.9724,image,0.9444,False,0.025599999999999998,-0.025599999999999956
86514,dey call me wong sum ting wong,0.6378,1,0.6378,image,0.5041,dey call me wong sum ting wong,0.644,1,0.644,image,0.7807,False,0.006199999999999983,0.006199999999999983
86529,when your dad comes home from a suicide bombing,0.1803,0,0.8197,image,0.5041,when your dad comes home from a suicide bombing,0.8596,1,0.8596,image,0.7658,True,0.6793,0.03990000000000005
86970,people often forget that she was an olympian,0.005,0,0.995,image,0.5041,people often forget that she was an olympian,0.0095,0,0.9905,image,0.9411,False,0.0045,-0.0044999999999999485
87013,why test drugs on intelligent animals when we have plenty of vegetables to spare?,0.045,0,0.955,image,0.5041,why test drugs on intelligent animals when we have plenty of vegetables to spare?,0.5306,1,0.5306,image,0.6662,True,0.4856,-0.4244
87039,this makes me puke send all of them back home,0.719,1,0.719,image,0.5041,this makes me puke send all of them back home,0.9051,1,0.9051,text,0.4595,False,0.18610000000000004,0.18610000000000004
87160,when you love going for a ride in the shopping cart at walmart,0.0106,0,0.9894,image,0.5041,when you love going for a ride in the shopping cart at walmart,0.0064,0,0.9936,image,0.8979,False,-0.0042,0.0042000000000000925
87352,if you don't sin... ..jesus died for nothing,0.008,0,0.992,image,0.5041,if you don't sin... ..jesus died for nothing,0.0139,0,0.9861,image,0.8637,False,0.005899999999999999,-0.005900000000000016
87390,when you so savage you roast a whole race,0.2313,0,0.7687,image,0.5041,when you so savage you roast a whole race,0.0451,0,0.9549,image,0.8092,False,-0.1862,0.18619999999999992
87391,i loved my piggy from the first day,0.0047,0,0.9953,image,0.5041,i loved my piggy from the first day,0.0083,0,0.9917,image,0.8572,False,0.0036,-0.0035999999999999366
87430,the i'm not black but my kids will be face,0.0284,0,0.9716,image,0.5041,the i'm not black but my kids will be face,0.0314,0,0.9686,image,0.8958,False,0.0029999999999999957,-0.0030000000000000027
87501,how to prepare the dog for the family event american asians,0.1216,0,0.8784,image,0.5041,how to prepare the dog for the family event american asians,0.2316,0,0.7684,image,0.746,False,0.11,-0.10999999999999999
87510,similar to sharks because all the great ones are white,0.1144,0,0.8856,image,0.5041,similar to sharks because all the great ones are white,0.0687,0,0.9313,image,0.8327,False,-0.045700000000000005,0.04569999999999996
87526,there use to be a pet shelter here,0.0049,0,0.9951,image,0.5041,there use to be a pet shelter here,0.0074,0,0.9926,image,0.9439,False,0.0025000000000000005,-0.0024999999999999467
87532,not the shower we deserved but the shower we needed,0.0108,0,0.9892,image,0.5041,not the shower we deserved but the shower we needed,0.0088,0,0.9912,image,0.9611,False,-0.002,0.0020000000000000018
87692,find differences,0.8746,1,0.8746,image,0.5041,find differences,0.02,0,0.98,image,0.84,True,-0.8546,0.10539999999999994
87905,hello....abdulla i'm pregnant,0.0054,0,0.9946,image,0.5041,hello....abdulla i'm pregnant,0.0054,0,0.9946,image,0.9134,False,0.0,0.0
87913,when you want to enter islam when you want to leave islam,0.6533,1,0.6533,image,0.5041,when you want to enter islam when you want to leave islam,0.4774,0,0.5226,image,0.9049,True,-0.1759,-0.13070000000000004
87923,there's a 50% chance this phone is stolen,0.0098,0,0.9902,image,0.5041,there's a 50% chance this phone is stolen,0.0065,0,0.9935,image,0.9485,False,-0.0033,0.0033000000000000806
87924,gods chosen terrorists,0.0733,0,0.9267,image,0.5041,gods chosen terrorists,0.5049,1,0.5049,text,0.4691,True,0.4316,-0.42179999999999995
89026,"are race are equal: red, back, yellow, and white",0.0097,0,0.9903,image,0.5041,"are race are equal: red, back, yellow, and white",0.0224,0,0.9776,image,0.9415,False,0.0127,-0.012699999999999934
89105,flight attendant: *yawns* deaf passengers:,0.2502,0,0.7498,image,0.5041,flight attendant: *yawns* deaf passengers:,0.8381,1,0.8381,image,0.9292,True,0.5879,0.08829999999999993
89106,stand tall. stand proud,0.0034,0,0.9966,image,0.5041,stand tall. stand proud,0.0071,0,0.9929,image,0.9377,False,0.0037000000000000006,-0.0037000000000000366
89107,leave that one alone bill he's my weed man,0.0027,0,0.9973,image,0.5041,leave that one alone bill he's my weed man,0.0412,0,0.9588,image,0.7731,False,0.0385,-0.03849999999999998
89136,this was fake news a lot of people don't realise it. please do your research,0.0895,0,0.9105,image,0.5041,this was fake news a lot of people don't realise it. please do your research,0.0223,0,0.9777,image,0.8013,False,-0.0672,0.06720000000000004
89140,burning things that don't mean anything to you,0.0043,0,0.9957,image,0.5041,burning things that don't mean anything to you,0.0055,0,0.9945,image,0.9536,False,0.0011999999999999997,-0.0011999999999999789
89236,looks like it's time to clean this place up,0.001,0,0.999,image,0.5041,looks like it's time to clean this place up,0.0019,0,0.9981,image,0.9509,False,0.0009,-0.0009000000000000119
89250,when you start burning calories instead of people,0.0074,0,0.9926,image,0.5041,when you start burning calories instead of people,0.0138,0,0.9862,image,0.8762,False,0.0063999999999999994,-0.006400000000000072
89251,sorry i'm late. having tranny problems,0.9737,1,0.9737,image,0.5041,sorry i'm late. having tranny problems,0.98,1,0.98,image,0.8978,False,0.006299999999999972,0.006299999999999972
89263,my ex looks so peaceful when he sleeps,0.0059,0,0.9941,image,0.5041,my ex looks so peaceful when he sleeps,0.004,0,0.996,image,0.9153,False,-0.0018999999999999998,0.0019000000000000128
89307,jihad militants wear explosive belts during news,0.0421,0,0.9579,image,0.5041,jihad militants wear explosive belts during news,0.0336,0,0.9664,image,0.8255,False,-0.0085,0.008500000000000063
89360,anyone else hate how hard these spot the difference pictures are getting,0.7079,1,0.7079,image,0.5041,anyone else hate how hard these spot the difference pictures are getting,0.8679,1,0.8679,text,0.488,False,0.16000000000000003,0.16000000000000003
89421,"say ""no"" to pride month! it's not only the proper christian stance, but the christian's duty ""...god resisteth the proud..."" 1 peter 5:5",0.0367,0,0.9633,image,0.5041,"say ""no"" to pride month! it's not only the proper christian stance, but the christian's duty ""...god resisteth the proud..."" 1 peter 5:5",0.5223,1,0.5223,image,0.8446,True,0.4856,-0.44100000000000006
89432,hm.. it appears you're a cracker,0.0036,0,0.9964,image,0.5041,hm.. it appears you're a cracker,0.0114,0,0.9886,image,0.9291,False,0.0078000000000000005,-0.007799999999999918
89461,women use chemicals to remove polish everyday and no one bats an eye i use chemicals to remove the polish and suddenly i'm the world's biggest villain!,0.5714,1,0.5714,image,0.5041,women use chemicals to remove polish everyday and no one bats an eye i use chemicals to remove the polish and suddenly i'm the world's biggest villain!,0.0557,0,0.9443,image,0.8854,True,-0.5157,0.3729
89512,united we stand. divided we fall,0.0337,0,0.9663,image,0.5041,united we stand. divided we fall,0.0479,0,0.9521,image,0.8281,False,0.014199999999999997,-0.014200000000000101
89532,how to remember kid in hot car keep 2nd road beer with them!,0.0028,0,0.9972,image,0.5041,how to remember kid in hot car keep 2nd road beer with them!,0.0035,0,0.9965,image,0.9553,False,0.0007000000000000001,-0.0006999999999999229
89571,"don't defile the lineage given to you by your forefathers do what's right, keep it white",0.0569,0,0.9431,image,0.5041,"don't defile the lineage given to you by your forefathers do what's right, keep it white",0.2565,0,0.7435,image,0.8193,False,0.1996,-0.1996
89607,running chocolate,0.061,0,0.939,image,0.5041,running chocolate,0.1011,0,0.8989,image,0.6089,False,0.0401,-0.040099999999999913
89754,hiroshima 1945 2016 detroit 1945 2016 moral of the story... it's easier to come back from a nuclear bomb than 5 decades of big government policies,0.4842,0,0.5158,image,0.5041,hiroshima 1945 2016 detroit 1945 2016 moral of the story... it's easier to come back from a nuclear bomb than 5 decades of big government policies,0.2322,0,0.7678,image,0.6537,False,-0.252,0.252
90143,"to see better, asians sometime switch to fullscreen veiw",0.013,0,0.987,image,0.5041,"to see better, asians sometime switch to fullscreen veiw",0.0726,0,0.9274,image,0.9432,False,0.0596,-0.059599999999999986
90162,these people are the pugs of humans,0.9832,1,0.9832,image,0.5041,these people are the pugs of humans,0.9687,1,0.9687,text,0.4542,False,-0.014499999999999957,-0.014499999999999957
90382,when your test comes back and you got a 47 out of 46,0.0027,0,0.9973,image,0.5041,when your test comes back and you got a 47 out of 46,0.0047,0,0.9953,image,0.9481,False,0.002,-0.0020000000000000018
90538,muslim logic: important unimportant,0.0328,0,0.9672,image,0.5041,muslim logic: important unimportant,0.0787,0,0.9213,image,0.9178,False,0.0459,-0.04589999999999994
90586,why doesnt mexico have a good athletics team because anyone that can run or jump is already on the other side of the wall,0.0284,0,0.9716,image,0.5041,why doesnt mexico have a good athletics team because anyone that can run or jump is already on the other side of the wall,0.24,0,0.76,image,0.9281,False,0.21159999999999998,-0.2116
90657,feeling cute might write a diary later,0.4661,0,0.5339,image,0.5041,feeling cute might write a diary later,0.9533,1,0.9533,image,0.7283,True,0.4872,0.4194
90734,"being able to call someone ""mine""",0.0123,0,0.9877,image,0.5041,"being able to call someone ""mine""",0.009,0,0.991,image,0.9467,False,-0.003300000000000001,0.0032999999999999696
90814,"being able to call someone ""mine""",0.4937,0,0.5063,image,0.5041,"being able to call someone ""mine""",0.0857,0,0.9143,image,0.8352,False,-0.40800000000000003,0.40800000000000003
90845,"feeling bored, might attack a mosque later lol",0.9893,1,0.9893,image,0.5041,"feeling bored, might attack a mosque later lol",0.9935,1,0.9935,image,0.826,False,0.0042000000000000925,0.0042000000000000925
90875,"so obama imports 70,000 somali immigrants and parks them in minnesota, where almost all cluster in a single area,specifically the fifth congressional district. that district recently was identified by the fbi as america's terrorist recruitment capital, and is represented by ilhan omar, who is calling for dissolution of america's homeland security. are you connecting the dots yet?",0.9697,1,0.9697,image,0.5041,"so obama imports 70,000 somali immigrants and parks them in minnesota, where almost all cluster in a single area,specifically the fifth congressional district. that district recently was identified by the fbi as america's terrorist recruitment capital, and is represented by ilhan omar, who is calling for dissolution of america's homeland security. are you connecting the dots yet?",0.9462,1,0.9462,text,0.4659,False,-0.023499999999999965,-0.023499999999999965
91036,"hello, meme police i've been robbed",0.0042,0,0.9958,image,0.5041,"hello, meme police i've been robbed",0.0058,0,0.9942,image,0.9337,False,0.0015999999999999999,-0.0016000000000000458
91063,would ya look at that this dryer comes with a free dishwasher,0.0285,0,0.9715,image,0.5041,would ya look at that this dryer comes with a free dishwasher,0.0304,0,0.9696,image,0.9316,False,0.001899999999999999,-0.0019000000000000128
91260,welcome to melbourne have a nice day,0.0519,0,0.9481,image,0.5041,welcome to melbourne have a nice day,0.0766,0,0.9234,image,0.6648,False,0.0247,-0.024700000000000055
91273,pro taliban supporters at a rally,0.0498,0,0.9502,image,0.5041,pro taliban supporters at a rally,0.0619,0,0.9381,image,0.7502,False,0.0121,-0.0121
91275,"wait, mohammad come back!! didn't mean to laugh, really size doesn't matter to me",0.9978,1,0.9978,image,0.5041,"wait, mohammad come back!! didn't mean to laugh, really size doesn't matter to me",0.9957,1,0.9957,image,0.5524,False,-0.0020999999999999908,-0.0020999999999999908
91637,"we waste so much food and water meanwhile,  others are starving and have no clean water",0.0197,0,0.9803,image,0.5041,"we waste so much food and water meanwhile,  others are starving and have no clean water",0.0378,0,0.9622,image,0.6988,False,0.0181,-0.018099999999999894
91736,"mainlanders, they are eat dogs, they do",0.6854,1,0.6854,image,0.5041,"mainlanders, they are eat dogs, they do",0.3658,0,0.6342,image,0.5669,True,-0.3196,-0.05120000000000002
91740,i got 99 problems and chromosomes,0.0355,0,0.9645,image,0.5041,i got 99 problems and chromosomes,0.1858,0,0.8142,image,0.676,False,0.1503,-0.1503
91806,gas yourself,0.4446,0,0.5554,image,0.5041,gas yourself,0.0851,0,0.9149,image,0.7163,False,-0.3595,0.35950000000000004
92014,stop making that face jonathan. you look silly,0.8998,1,0.8998,image,0.5041,stop making that face jonathan. you look silly,0.7606,1,0.7606,image,0.8109,False,-0.1392,-0.1392
92015,good guy police officer capturing them young,0.0054,0,0.9946,image,0.5041,good guy police officer capturing them young,0.0029,0,0.9971,image,0.8853,False,-0.0025000000000000005,0.0024999999999999467
92136,spot the difference,0.0087,0,0.9913,image,0.5041,spot the difference,0.0045,0,0.9955,image,0.9368,False,-0.0042,0.0042000000000000925
92158,fighting them is nothing new letting them come into our land and spread their disease is,0.0216,0,0.9784,image,0.5041,fighting them is nothing new letting them come into our land and spread their disease is,0.1497,0,0.8503,image,0.9039,False,0.1281,-0.1281000000000001
92456,vanish shampoo,0.4787,0,0.5213,image,0.5041,vanish shampoo,0.6178,1,0.6178,image,0.626,True,0.1391,0.09650000000000003
92547,1939-1945 bake off winner,0.0162,0,0.9838,image,0.5041,1939-1945 bake off winner,0.0207,0,0.9793,image,0.7953,False,0.0045000000000000005,-0.0045000000000000595
92601,i do not like black people,0.9883,1,0.9883,image,0.5041,i do not like black people,0.9097,1,0.9097,image,0.6355,False,-0.0786,-0.0786
92658,i found the lgbt hq straight pride,0.0119,0,0.9881,image,0.5041,i found the lgbt hq straight pride,0.0073,0,0.9927,image,0.957,False,-0.004600000000000001,0.0046000000000000485
92683,it's called a hate crime when you act against us when we act against those that we hate it's religious freedom,0.993,1,0.993,image,0.5041,it's called a hate crime when you act against us when we act against those that we hate it's religious freedom,0.99,1,0.99,image,0.6225,False,-0.0030000000000000027,-0.0030000000000000027
92783,what's better than winning a gold medal in this contest walking,0.0249,0,0.9751,image,0.5041,what's better than winning a gold medal in this contest walking,0.0978,0,0.9022,image,0.7959,False,0.07289999999999999,-0.07289999999999996
92785,jeffrey dahmer dumping his last boyfriend,0.823,1,0.823,image,0.5041,jeffrey dahmer dumping his last boyfriend,0.6632,1,0.6632,image,0.8396,False,-0.15979999999999994,-0.15979999999999994
92836,when i said i wanted a little pussy this is not really what i had in mind.,0.0021,0,0.9979,image,0.5041,when i said i wanted a little pussy this is not really what i had in mind.,0.0045,0,0.9955,image,0.9531,False,0.0024,-0.0023999999999999577
92837,"we dipped this shit in bacon grease mixed with bacon juice smothered in hate when it is time, rest assured america. when the enemy brings it to our soil, we will bring it to them",0.4671,0,0.5329,image,0.5041,"we dipped this shit in bacon grease mixed with bacon juice smothered in hate when it is time, rest assured america. when the enemy brings it to our soil, we will bring it to them",0.4368,0,0.5632,image,0.9424,False,-0.030299999999999994,0.030299999999999994
92847,rise of the planet of the apes (1963),0.9774,1,0.9774,image,0.5041,rise of the planet of the apes (1963),0.6394,1,0.6394,image,0.5295,False,-0.3380000000000001,-0.3380000000000001
93046,"muslim terrorist, spy anti semite the poster child of the left",0.0167,0,0.9833,image,0.5041,"muslim terrorist, spy anti semite the poster child of the left",0.0273,0,0.9727,image,0.8011,False,0.010600000000000002,-0.010599999999999943
93145,when when germans try to dab,0.4455,0,0.5545,image,0.5041,when when germans try to dab,0.3871,0,0.6129,image,0.7115,False,-0.05840000000000001,0.05840000000000001
93174,nazi rally,0.0805,0,0.9195,image,0.5041,nazi rally,0.0496,0,0.9504,image,0.6415,False,-0.030900000000000004,0.03090000000000004
93251,anjem choudary wants this removed he said it insults islam. so i thought fuck it why not share,0.6439,1,0.6439,image,0.5041,anjem choudary wants this removed he said it insults islam. so i thought fuck it why not share,0.9683,1,0.9683,image,0.7648,False,0.3244,0.3244
93462,islam is the religious of love and peace,0.0289,0,0.9711,image,0.5041,islam is the religious of love and peace,0.0147,0,0.9853,image,0.9104,False,-0.014199999999999999,0.01419999999999999
93481,jack's links presents messing with sasquatch,0.0108,0,0.9892,image,0.5041,jack's links presents messing with sasquatch,0.2036,0,0.7964,image,0.9045,False,0.1928,-0.19279999999999997
93820,we should legally be allowed to shoot fat g*y people,0.6671,1,0.6671,image,0.5041,we should legally be allowed to shoot fat g*y people,0.9077,1,0.9077,image,0.8555,False,0.24059999999999993,0.24059999999999993
93857,"ideology kills a dozen ""infidels""",0.9564,1,0.9564,image,0.5041,"ideology kills a dozen ""infidels""",0.1954,0,0.8046,image,0.8775,True,-0.761,-0.15180000000000005
93874,allah! my goat doesn't love me anymore!,0.0228,0,0.9772,image,0.5041,allah! my goat doesn't love me anymore!,0.0651,0,0.9349,image,0.9418,False,0.042300000000000004,-0.042300000000000004
93875,we live in a society where they lecture us on morals and biology,0.0271,0,0.9729,image,0.5041,we live in a society where they lecture us on morals and biology,0.0168,0,0.9832,image,0.8384,False,-0.0103,0.010299999999999976
94018,david cameron celebrates with with supporters at his constituency office,0.0016,0,0.9984,image,0.5041,david cameron celebrates with with supporters at his constituency office,0.0015,0,0.9985,image,0.9529,False,-0.00010000000000000005,0.00010000000000010001
94086,oh yeah i'm definitely using this picture on tinder,0.0127,0,0.9873,image,0.5041,oh yeah i'm definitely using this picture on tinder,0.0079,0,0.9921,image,0.85,False,-0.004799999999999999,0.0048000000000000265
94107,because even other planets need crime,0.0293,0,0.9707,image,0.5041,because even other planets need crime,0.0412,0,0.9588,image,0.7427,False,0.0119,-0.011900000000000022
94152,we make sacrifices for love and peace in future,0.0335,0,0.9665,image,0.5041,we make sacrifices for love and peace in future,0.006,0,0.994,image,0.9278,False,-0.027500000000000004,0.02749999999999997
94175,"""we're his kids and he hasn't returned. yeah this makes sense""",0.56,1,0.56,image,0.5041,"""we're his kids and he hasn't returned. yeah this makes sense""",0.0831,0,0.9169,image,0.8593,True,-0.47690000000000005,0.3569
94180,happy pride month let's go beat up lesbians,0.9747,1,0.9747,image,0.5041,happy pride month let's go beat up lesbians,0.979,1,0.979,image,0.8205,False,0.0042999999999999705,0.0042999999999999705
94216,japanese citizen watches as nuke drops on the 9th of august 1945 (colorized),0.9908,1,0.9908,image,0.5041,japanese citizen watches as nuke drops on the 9th of august 1945 (colorized),0.8937,1,0.8937,image,0.8081,False,-0.09709999999999996,-0.09709999999999996
94302,we can end racism if we end a race,0.0293,0,0.9707,image,0.5041,we can end racism if we end a race,0.0367,0,0.9633,image,0.8649,False,0.007400000000000004,-0.007399999999999962
94380,that look when you high as fuck on dem chromosomes,0.8107,1,0.8107,image,0.5041,that look when you high as fuck on dem chromosomes,0.9726,1,0.9726,image,0.595,False,0.16190000000000004,0.16190000000000004
94508,now that's a muscle i've not felt in a long time..,0.0197,0,0.9803,image,0.5041,now that's a muscle i've not felt in a long time..,0.0108,0,0.9892,image,0.7776,False,-0.008899999999999998,0.008900000000000019
95072,this guy just friended and unfriended me 45 times in 15 seconds anyone know him??,0.0017,0,0.9983,image,0.5041,this guy just friended and unfriended me 45 times in 15 seconds anyone know him??,0.004,0,0.996,image,0.9587,False,0.0023,-0.0022999999999999687
95260,what's black and screams harvey price answering an iron,0.9823,1,0.9823,image,0.5041,what's black and screams harvey price answering an iron,0.9855,1,0.9855,text,0.4714,False,0.0032000000000000917,0.0032000000000000917
95302,use one to protect your watermelon farm,0.0271,0,0.9729,image,0.5041,use one to protect your watermelon farm,0.3167,0,0.6833,image,0.5996,False,0.28959999999999997,-0.28959999999999997
95306,why is it so good? because it's white,0.0065,0,0.9935,image,0.5041,why is it so good? because it's white,0.0103,0,0.9897,image,0.8514,False,0.0038000000000000004,-0.0038000000000000256
95341,one of the worst tragedies of our time,0.0098,0,0.9902,image,0.5041,one of the worst tragedies of our time,0.0524,0,0.9476,image,0.6387,False,0.0426,-0.04259999999999997
95371,down syndrome girl put on makeup for a party,0.0033,0,0.9967,image,0.5041,down syndrome girl put on makeup for a party,0.0016,0,0.9984,image,0.9513,False,-0.0017,0.0016999999999999238
95380,what if he was the second coming of christ certainly would explain his issue with jewish people,0.0778,0,0.9222,image,0.5041,what if he was the second coming of christ certainly would explain his issue with jewish people,0.0988,0,0.9012,image,0.8518,False,0.021000000000000005,-0.02100000000000002
95402,to all the high school grads... congratulations on getting through the easiest part of life,0.0033,0,0.9967,image,0.5041,to all the high school grads... congratulations on getting through the easiest part of life,0.0087,0,0.9913,image,0.929,False,0.005399999999999999,-0.005400000000000071
95723,once we are done destroying our country we'll move to yours!,0.5254,1,0.5254,image,0.5041,once we are done destroying our country we'll move to yours!,0.8811,1,0.8811,text,0.3727,False,0.3557,0.3557
96015,we're so excited that we're finally able to be ourselves,0.0117,0,0.9883,image,0.5041,we're so excited that we're finally able to be ourselves,0.0072,0,0.9928,image,0.9538,False,-0.0045000000000000005,0.0045000000000000595
96082,then he said i couldn't come to the barbecue because i always burn the franks,0.0163,0,0.9837,image,0.5041,then he said i couldn't come to the barbecue because i always burn the franks,0.0554,0,0.9446,image,0.7247,False,0.039099999999999996,-0.039100000000000024
96103,when you've decided to start a life of crime,0.002,0,0.998,image,0.5041,when you've decided to start a life of crime,0.0035,0,0.9965,image,0.9597,False,0.0015,-0.0014999999999999458
96185,"i hate the chinese, black, white, mexican people so who do i like? therein lies the problem",0.9834,1,0.9834,image,0.5041,"i hate the chinese, black, white, mexican people so who do i like? therein lies the problem",0.9914,1,0.9914,image,0.6723,False,0.007999999999999896,0.007999999999999896
96240,look out its..... the jãger bomber!,0.0253,0,0.9747,image,0.5041,look out its..... the jãger bomber!,0.0429,0,0.9571,image,0.9127,False,0.0176,-0.01760000000000006
96345,"these atheist fools what do you mean ""evidence""? i gave you the bible verse """,0.1147,0,0.8853,image,0.5041,"these atheist fools what do you mean ""evidence""? i gave you the bible verse """,0.0206,0,0.9794,image,0.8669,False,-0.09409999999999999,0.09410000000000007
96502,mmm what's cooking,0.0068,0,0.9932,image,0.5041,mmm what's cooking,0.0031,0,0.9969,image,0.9455,False,-0.0036999999999999997,0.0037000000000000366
96581,"""if a dishwasher wore pants, would it wear them like this or like this""",0.1393,0,0.8607,image,0.5041,"""if a dishwasher wore pants, would it wear them like this or like this""",0.0706,0,0.9294,image,0.8884,False,-0.06870000000000001,0.06869999999999998
96710,the pill that everyone wants truth but can't seem to swallow,0.0041,0,0.9959,image,0.5041,the pill that everyone wants truth but can't seem to swallow,0.0054,0,0.9946,image,0.9531,False,0.0013,-0.0012999999999999678
96802,did you know 100% of the people who stay in their own countries don't get detained and separated from their children at the border,0.22,0,0.78,image,0.5041,did you know 100% of the people who stay in their own countries don't get detained and separated from their children at the border,0.43,0,0.57,image,0.8522,False,0.21,-0.21000000000000008
97015,finds out those 72 virgins.. are goats,0.9935,1,0.9935,image,0.5041,finds out those 72 virgins.. are goats,0.9908,1,0.9908,text,0.4574,False,-0.0027000000000000357,-0.0027000000000000357
97021,"adam, you know what they do with traitors #treason dontcha?",0.0036,0,0.9964,image,0.5041,"adam, you know what they do with traitors #treason dontcha?",0.0101,0,0.9899,image,0.952,False,0.0065,-0.00649999999999995
97125,see? i fuckin told you! little foil on top keeps them jewsy,0.8027,1,0.8027,image,0.5041,see? i fuckin told you! little foil on top keeps them jewsy,0.6693,1,0.6693,image,0.6418,False,-0.13339999999999996,-0.13339999999999996
97236,you know u got problems when the dog questions his love for peanut butter,0.0037,0,0.9963,image,0.5041,you know u got problems when the dog questions his love for peanut butter,0.005,0,0.995,image,0.9586,False,0.0013,-0.0012999999999999678
97245,smile like you were able to find that you're famous enough to have a nice wikipedia page,0.0659,0,0.9341,image,0.5041,smile like you were able to find that you're famous enough to have a nice wikipedia page,0.1715,0,0.8285,image,0.6679,False,0.10560000000000001,-0.10560000000000003
97423,a little gas never killed anybody right?,0.0339,0,0.9661,image,0.5041,a little gas never killed anybody right?,0.1006,0,0.8994,image,0.837,False,0.0667,-0.06669999999999998
97456,rare picture of a dishwasher at birth,0.9443,1,0.9443,image,0.5041,rare picture of a dishwasher at birth,0.7736,1,0.7736,image,0.7627,False,-0.17070000000000007,-0.17070000000000007
97486,shame on you america you said you would never forget,0.0095,0,0.9905,image,0.5041,shame on you america you said you would never forget,0.0224,0,0.9776,image,0.9344,False,0.0129,-0.012900000000000023
97514,scientists have discovered that they have a lot of intelligent dna unfortunately most of them spit it out,0.3641,0,0.6359,image,0.5041,scientists have discovered that they have a lot of intelligent dna unfortunately most of them spit it out,0.476,0,0.524,image,0.8073,False,0.1119,-0.1119
97546,texting and flying what's the worst that could happen?,0.0071,0,0.9929,image,0.5041,texting and flying what's the worst that could happen?,0.0258,0,0.9742,image,0.9493,False,0.0187,-0.01870000000000005
97568,how to cook turkey in usa how to cook turkey in romania,0.0441,0,0.9559,image,0.5041,how to cook turkey in usa how to cook turkey in romania,0.5253,1,0.5253,image,0.6942,True,0.48119999999999996,-0.4306
97853,ahmed? im pregnant!!!,0.0467,0,0.9533,image,0.5041,ahmed? im pregnant!!!,0.5104,1,0.5104,image,0.6079,True,0.46369999999999995,-0.44290000000000007
98026,best thing about her blowjob?... you know shes gonna swallow!!!,0.0201,0,0.9799,image,0.5041,best thing about her blowjob?... you know shes gonna swallow!!!,0.0076,0,0.9924,image,0.8503,False,-0.0125,0.012499999999999956
98035,slow cooker,0.5569,1,0.5569,image,0.5041,slow cooker,0.9516,1,0.9516,text,0.4566,False,0.39470000000000005,0.39470000000000005
98137,life has its ups and downs,0.0033,0,0.9967,image,0.5041,life has its ups and downs,0.0021,0,0.9979,image,0.9083,False,-0.0012000000000000001,0.0011999999999999789
98170,jack's links presents messing with sasquatch,0.5888,1,0.5888,image,0.5041,jack's links presents messing with sasquatch,0.4783,0,0.5217,image,0.7644,True,-0.11049999999999999,-0.06709999999999994
98340,muslim wife wearing sexy lingerie for her husband,0.6996,1,0.6996,image,0.5041,muslim wife wearing sexy lingerie for her husband,0.9699,1,0.9699,image,0.9021,False,0.2703,0.2703
98374,when you want to enter islam when you want to leave islam,0.1715,0,0.8285,image,0.5041,when you want to enter islam when you want to leave islam,0.8787,1,0.8787,image,0.9113,True,0.7072,0.05020000000000002
98473,met a jewish girl and she asked me for my number i told her we use names here,0.9868,1,0.9868,image,0.5041,met a jewish girl and she asked me for my number i told her we use names here,0.982,1,0.982,image,0.6452,False,-0.0048000000000000265,-0.0048000000000000265
98632,hasidic jews proficient in the torah,0.452,0,0.548,image,0.5041,hasidic jews proficient in the torah,0.912,1,0.912,image,0.8425,True,0.46,0.364
98637,cracking open a sold  one with the boys,0.9566,1,0.9566,image,0.5041,cracking open a sold  one with the boys,0.9606,1,0.9606,text,0.4345,False,0.0040000000000000036,0.0040000000000000036
98653,what's that burning? oh it's my family,0.9715,1,0.9715,image,0.5041,what's that burning? oh it's my family,0.972,1,0.972,image,0.7134,False,0.0004999999999999449,0.0004999999999999449
98721,made rice krispies way before kelloggs,0.0054,0,0.9946,image,0.5041,made rice krispies way before kelloggs,0.0068,0,0.9932,image,0.9458,False,0.0013999999999999993,-0.0014000000000000679
